Wed Feb  8 15:06:13 2023,1675857946,2.24,1760.0
Wed Feb  8 15:06:27 2023,1675857970,2.15,1920.4
Wed Feb  8 15:06:45 2023,1675857994,1.06,3108.0
Wed Feb  8 15:07:26 2023,1675858005,8.49,-5770.76
Wed Feb  8 15:08:04 2023,1675858052,5.08,-782.76
Wed Feb  8 15:23:27 2023,1675859003,1.00,2687.0
Wed Feb  8 15:24:36 2023,1675859013,33.19,-9751.4
Wed Feb  8 15:25:03 2023,1675859083,2.58,583.31
Wed Feb  8 15:25:27 2023,1675859109,2.28,2242.5
Wed Feb  8 15:25:45 2023,1675859134,1.44,2368.2
Wed Feb  8 15:26:00 2023,1675859151,1.36,2306.2
Wed Feb  8 15:26:14 2023,1675859167,1.19,1937.0
Wed Feb  8 15:26:40 2023,1675859180,2.45,1427.1
Wed Feb  8 15:27:15 2023,1675859206,4.44,1198.8
Wed Feb  8 15:27:36 2023,1675859242,1.76,876.09
Wed Feb  8 15:28:45 2023,1675859262,34.66,-5871.0
Wed Feb  8 15:29:03 2023,1675859332,1.50,1261.0
Wed Feb  8 15:29:27 2023,1675859349,2.19,979.8
Wed Feb  8 15:29:39 2023,1675859373,1.09,1052.0
Wed Feb  8 15:30:07 2023,1675859385,2.76,1098.2
Wed Feb  8 15:30:43 2023,1675859413,4.25,116.3
Wed Feb  8 15:31:52 2023,1675859448,34.46,-2538.36
Wed Feb  8 15:32:08 2023,1675859518,1.42,2108.5
Wed Feb  8 15:32:23 2023,1675859534,1.21,2119.25
Wed Feb  8 15:32:44 2023,1675859548,1.91,1800.76
Wed Feb  8 15:34:18 2023,1675859570,143.03,-9940.6
Wed Feb  8 15:34:40 2023,1675859664,2.11,2148.26
Wed Feb  8 15:34:55 2023,1675859687,1.24,2398.07
Wed Feb  8 15:35:38 2023,1675859701,7.10,-7222.68
Wed Feb  8 15:35:58 2023,1675859745,1.57,2746.4
Wed Feb  8 15:36:17 2023,1675859763,1.71,1907.6
Wed Feb  8 15:36:30 2023,1675859783,1.20,1562.0
Wed Feb  8 15:36:52 2023,1675859797,1.88,1517.0
Wed Feb  8 15:37:19 2023,1675859818,2.77,1392.2
Wed Feb  8 15:37:34 2023,1675859846,1.23,2455.0
Wed Feb  8 15:37:46 2023,1675859860,1.07,2451.35
Wed Feb  8 15:37:57 2023,1675859872,1.04,2482.9
Wed Feb  8 15:38:33 2023,1675859883,4.64,1153.8
Wed Feb  8 15:38:56 2023,1675859920,2.05,3390.57
Wed Feb  8 15:39:28 2023,1675859943,3.58,-481.4
Wed Feb  8 15:39:45 2023,1675859975,1.37,1542.65
Wed Feb  8 15:40:12 2023,1675859991,2.77,-302.45
Wed Feb  8 15:40:31 2023,1675860018,1.61,2167.78
Wed Feb  8 15:40:52 2023,1675860037,1.90,2015.47
Wed Feb  8 15:41:11 2023,1675860059,1.64,2117.66
Wed Feb  8 15:41:29 2023,1675860078,1.48,1411.4
Wed Feb  8 15:43:22 2023,1675860095,473.00,-8652.6
Wed Feb  8 15:43:37 2023,1675860209,1.24,3254.31
Wed Feb  8 15:43:47 2023,1675860223,1.00,3442.62
Wed Feb  8 15:44:10 2023,1675860234,2.04,3227.31
Wed Feb  8 15:44:37 2023,1675860256,2.63,1223.6
Wed Feb  8 15:44:56 2023,1675860283,1.65,1490.0
Wed Feb  8 15:45:07 2023,1675860302,1.03,1646.0
Wed Feb  8 15:45:47 2023,1675860314,5.52,-4367.1
Wed Feb  8 15:46:21 2023,1675860353,4.18,-51.1
Wed Feb  8 15:46:48 2023,1675860388,2.60,1947.3
Wed Feb  8 15:47:13 2023,1675860414,2.37,1747.9
Wed Feb  8 15:48:06 2023,1675860440,12.09,-6697.0
Wed Feb  8 15:48:42 2023,1675860492,4.47,1282.9
Wed Feb  8 15:49:38 2023,1675860528,14.51,-11100.8
Wed Feb  8 15:49:54 2023,1675860583,1.39,3112.5
Wed Feb  8 15:50:21 2023,1675860599,2.76,967.28
Wed Feb  8 15:50:32 2023,1675860627,1.00,1768.97
Wed Feb  8 15:50:43 2023,1675860638,1.04,1667.72
Wed Feb  8 15:51:07 2023,1675860649,2.15,1438.52
Wed Feb  8 15:51:38 2023,1675860673,3.39,1866.86
Wed Feb  8 15:52:02 2023,1675860704,2.24,2546.22
Wed Feb  8 15:53:03 2023,1675860728,19.82,-6861.62
Wed Feb  8 15:53:34 2023,1675860789,3.37,970.02
Wed Feb  8 15:54:00 2023,1675860820,2.57,1827.12
Wed Feb  8 15:54:25 2023,1675860846,2.31,501.12
Wed Feb  8 15:55:03 2023,1675860871,4.81,-2044.92
Wed Feb  8 15:55:20 2023,1675860908,1.57,1377.84
Wed Feb  8 15:55:39 2023,1675860927,1.59,1511.2
Wed Feb  8 15:56:32 2023,1675860945,12.75,-2942.83
Wed Feb  8 15:56:44 2023,1675860998,1.05,1951.0
Wed Feb  8 15:57:20 2023,1675861010,4.45,170.48
Wed Feb  8 15:57:57 2023,1675861046,4.93,-493.5
Wed Feb  8 15:58:47 2023,1675861083,10.67,-13401.13
Wed Feb  8 15:59:18 2023,1675861133,3.47,2501.49
Wed Feb  8 15:59:34 2023,1675861165,1.34,1803.63
Wed Feb  8 15:59:49 2023,1675861180,1.25,1570.5
Wed Feb  8 16:00:03 2023,1675861195,1.22,1950.0
Wed Feb  8 16:00:47 2023,1675861209,7.62,-2899.8
Wed Feb  8 16:01:09 2023,1675861254,1.93,1414.73
Wed Feb  8 16:02:18 2023,1675861276,31.54,-5247.7
Wed Feb  8 16:02:55 2023,1675861344,5.05,-216.12
Wed Feb  8 16:03:08 2023,1675861382,1.13,1869.89
Wed Feb  8 16:03:26 2023,1675861395,1.51,1459.1
Wed Feb  8 16:03:38 2023,1675861412,1.09,1532.09
Wed Feb  8 16:04:05 2023,1675861424,2.54,976.8
Wed Feb  8 16:04:18 2023,1675861451,1.13,1527.2
Wed Feb  8 16:04:36 2023,1675861464,1.53,1358.5
Wed Feb  8 16:04:48 2023,1675861482,1.11,1447.0
Wed Feb  8 16:05:12 2023,1675861494,2.23,1510.1
Wed Feb  8 16:06:23 2023,1675861518,36.13,-8219.91
Wed Feb  8 16:06:51 2023,1675861589,2.81,1850.88
Wed Feb  8 16:08:07 2023,1675861617,52.53,-12358.29
Wed Feb  8 16:08:20 2023,1675861694,1.09,1933.31
Wed Feb  8 16:08:35 2023,1675861706,1.30,1838.0
Wed Feb  8 16:08:55 2023,1675861721,1.77,1807.95
Wed Feb  8 16:09:29 2023,1675861741,4.03,-741.6
Wed Feb  8 16:09:40 2023,1675861776,1.02,1868.0
Wed Feb  8 16:10:10 2023,1675861787,3.14,1674.44
Wed Feb  8 16:10:35 2023,1675861817,2.35,1140.45
Wed Feb  8 16:10:51 2023,1675861842,1.33,1480.35
Wed Feb  8 16:11:21 2023,1675861857,3.16,789.23
Wed Feb  8 16:12:08 2023,1675861887,8.92,-2243.3
Wed Feb  8 16:13:09 2023,1675861934,20.14,-4296.68
Wed Feb  8 16:13:20 2023,1675861995,1.00,2792.49
Wed Feb  8 16:13:35 2023,1675862006,1.27,2883.29
Wed Feb  8 16:14:20 2023,1675862021,8.08,-5879.06
Wed Feb  8 16:14:40 2023,1675862066,1.73,2220.52
Wed Feb  8 16:15:28 2023,1675862086,9.36,-8922.0
Wed Feb  8 16:16:01 2023,1675862135,3.70,-1357.72
Wed Feb  8 16:16:34 2023,1675862167,3.90,-398.59
Wed Feb  8 16:16:55 2023,1675862201,1.78,2148.4
Wed Feb  8 16:17:08 2023,1675862221,1.16,1009.0
Wed Feb  8 16:17:25 2023,1675862234,1.47,1197.3
Wed Feb  8 16:17:47 2023,1675862252,1.96,1192.33
Wed Feb  8 16:18:07 2023,1675862274,1.75,1293.82
Wed Feb  8 16:18:20 2023,1675862294,1.09,1936.98
Wed Feb  8 16:18:37 2023,1675862306,1.52,1867.81
Wed Feb  8 16:19:04 2023,1675862324,2.63,763.95
Wed Feb  8 16:19:25 2023,1675862351,1.78,2516.92
Wed Feb  8 16:19:44 2023,1675862371,1.66,2544.23
Wed Feb  8 16:20:09 2023,1675862390,2.28,2292.12
Wed Feb  8 16:20:20 2023,1675862415,1.03,3384.0
Wed Feb  8 16:20:31 2023,1675862426,1.05,3371.0
Wed Feb  8 16:20:43 2023,1675862438,1.06,3345.0
Wed Feb  8 16:21:14 2023,1675862450,3.20,-248.3
Wed Feb  8 16:21:32 2023,1675862480,1.58,2172.3
Wed Feb  8 16:21:44 2023,1675862498,1.11,2220.0
Wed Feb  8 16:21:55 2023,1675862511,1.02,1950.0
Wed Feb  8 16:22:25 2023,1675862522,3.06,-255.5
Wed Feb  8 16:22:48 2023,1675862551,2.07,2120.0
Wed Feb  8 16:23:14 2023,1675862574,2.56,1719.26
Wed Feb  8 16:23:29 2023,1675862601,1.23,2061.7
Wed Feb  8 16:24:04 2023,1675862615,4.27,12.0
Wed Feb  8 16:24:16 2023,1675862650,1.13,2751.5
Wed Feb  8 16:24:32 2023,1675862663,1.31,2572.0
Wed Feb  8 16:25:06 2023,1675862678,4.00,-25.1
Wed Feb  8 16:25:46 2023,1675862712,5.94,-2543.41
Wed Feb  8 16:26:14 2023,1675862753,2.76,413.74
Wed Feb  8 16:26:30 2023,1675862780,1.39,1953.22
Wed Feb  8 16:26:44 2023,1675862797,1.19,1785.0
Wed Feb  8 16:27:18 2023,1675862810,3.92,1495.83
Wed Feb  8 16:27:30 2023,1675862844,1.13,1930.81
Wed Feb  8 16:27:59 2023,1675862857,2.99,1826.07
Wed Feb  8 16:28:29 2023,1675862886,2.87,434.61
Wed Feb  8 16:28:56 2023,1675862914,2.75,29.4
Wed Feb  8 16:29:24 2023,1675862942,2.94,1607.21
Wed Feb  8 16:29:44 2023,1675862971,1.69,1956.8
Wed Feb  8 16:30:25 2023,1675862990,6.03,-2224.91
Wed Feb  8 16:30:55 2023,1675863031,3.30,969.12
Wed Feb  8 16:31:09 2023,1675863062,1.21,2021.0
Wed Feb  8 16:31:24 2023,1675863076,1.28,1567.5
Wed Feb  8 16:31:52 2023,1675863091,2.67,111.2
Wed Feb  8 16:32:33 2023,1675863118,6.29,-2498.2
Wed Feb  8 16:32:54 2023,1675863159,1.79,885.16
Wed Feb  8 16:33:15 2023,1675863180,1.88,1002.37
Wed Feb  8 16:33:30 2023,1675863201,1.32,2238.1
Wed Feb  8 16:33:42 2023,1675863216,1.08,2166.42
Wed Feb  8 16:34:29 2023,1675863229,8.24,-611.15
Wed Feb  8 16:34:42 2023,1675863275,1.18,1098.0
Wed Feb  8 16:34:57 2023,1675863288,1.27,1134.98
Wed Feb  8 16:35:08 2023,1675863303,1.03,2196.15
Wed Feb  8 16:35:20 2023,1675863314,1.06,2170.6
Wed Feb  8 16:36:00 2023,1675863326,6.03,-4560.08
Wed Feb  8 16:36:24 2023,1675863367,2.15,2433.5
Wed Feb  8 16:36:43 2023,1675863390,1.64,2470.9
Wed Feb  8 16:37:24 2023,1675863409,6.08,-6458.6
Wed Feb  8 16:37:43 2023,1675863450,1.66,1130.58
Wed Feb  8 16:37:57 2023,1675863469,1.20,1253.48
Wed Feb  8 16:38:15 2023,1675863483,1.60,1356.2
Wed Feb  8 16:38:43 2023,1675863502,2.74,-531.7
Wed Feb  8 16:38:54 2023,1675863530,1.00,2060.0
Wed Feb  8 16:39:44 2023,1675863540,10.38,-4639.96
Wed Feb  8 16:40:17 2023,1675863590,3.98,809.7
Wed Feb  8 16:40:48 2023,1675863624,3.21,1488.6
Wed Feb  8 16:41:43 2023,1675863654,14.43,-8641.71
Wed Feb  8 16:41:56 2023,1675863709,1.11,1868.0
Wed Feb  8 16:42:12 2023,1675863722,1.36,1052.5
Wed Feb  8 16:42:31 2023,1675863738,1.71,1015.0
Wed Feb  8 16:43:02 2023,1675863758,3.32,-264.6
Wed Feb  8 16:43:17 2023,1675863789,1.27,1087.0
Wed Feb  8 16:44:04 2023,1675863803,9.07,-3722.0
Wed Feb  8 16:44:20 2023,1675863851,1.34,1724.43
Wed Feb  8 16:44:50 2023,1675863867,3.16,1394.6
Wed Feb  8 16:45:26 2023,1675863897,4.51,588.79
Wed Feb  8 16:45:49 2023,1675863932,2.08,1599.0
Wed Feb  8 16:46:02 2023,1675863955,1.14,2130.0
Wed Feb  8 16:47:12 2023,1675863968,34.73,-3254.0
Wed Feb  8 16:47:29 2023,1675864038,1.45,1300.0
Wed Feb  8 16:47:56 2023,1675864055,2.65,1054.6
Wed Feb  8 16:48:08 2023,1675864082,1.08,2241.0
Wed Feb  8 16:48:21 2023,1675864094,1.12,2231.0
Wed Feb  8 16:48:43 2023,1675864107,1.83,1352.5
Wed Feb  8 16:49:11 2023,1675864128,3.07,1301.3
Wed Feb  8 16:49:38 2023,1675864157,2.72,2782.0
Wed Feb  8 16:49:51 2023,1675864185,1.11,2950.0
Wed Feb  8 16:50:04 2023,1675864198,1.07,2855.0
Wed Feb  8 16:50:39 2023,1675864209,4.55,870.6
Wed Feb  8 16:51:15 2023,1675864245,4.58,711.9
Wed Feb  8 16:51:29 2023,1675864282,1.16,2566.0
Wed Feb  8 16:52:50 2023,1675864295,68.22,-11224.57
Wed Feb  8 16:53:25 2023,1675864376,4.31,-2242.3
Wed Feb  8 16:53:42 2023,1675864411,1.50,1348.0
Wed Feb  8 16:54:10 2023,1675864429,2.77,1283.3
Wed Feb  8 16:54:26 2023,1675864457,1.35,1365.0
Wed Feb  8 16:54:41 2023,1675864472,1.24,1240.0
Wed Feb  8 16:54:53 2023,1675864487,1.09,1250.0
Wed Feb  8 16:55:30 2023,1675864499,5.10,717.2
Wed Feb  8 16:55:50 2023,1675864537,1.69,1893.5
Wed Feb  8 16:56:34 2023,1675864556,7.43,-3217.6
Wed Feb  8 16:57:13 2023,1675864601,5.18,-392.4
Wed Feb  8 16:57:30 2023,1675864639,1.47,2474.3
Wed Feb  8 16:57:59 2023,1675864656,2.99,1436.92
Wed Feb  8 16:58:42 2023,1675864685,6.86,-5284.94
Wed Feb  8 16:58:56 2023,1675864728,1.22,1295.0
Wed Feb  8 16:59:16 2023,1675864742,1.82,1270.0
Wed Feb  8 16:59:37 2023,1675864763,1.84,1275.0
Wed Feb  8 16:59:53 2023,1675864784,1.31,1289.0
Wed Feb  8 17:00:05 2023,1675864799,1.11,1311.0
Wed Feb  8 17:00:35 2023,1675864812,3.08,2586.0
Wed Feb  8 17:00:51 2023,1675864841,1.37,2937.0
Wed Feb  8 17:01:08 2023,1675864857,1.43,2696.32
Wed Feb  8 17:01:36 2023,1675864874,2.81,1011.32
Wed Feb  8 17:02:15 2023,1675864902,5.61,-1694.7
Wed Feb  8 17:02:29 2023,1675864942,1.20,2299.85
Wed Feb  8 17:02:43 2023,1675864956,1.24,2202.75
Wed Feb  8 17:03:08 2023,1675864970,2.31,1494.17
Wed Feb  8 17:03:47 2023,1675864995,5.45,772.8
Wed Feb  8 17:04:01 2023,1675865034,1.19,2877.66
Wed Feb  8 17:04:14 2023,1675865048,1.12,917.66
Wed Feb  8 17:05:17 2023,1675865060,23.39,-3251.37
Wed Feb  8 17:05:31 2023,1675865124,1.19,1860.93
Wed Feb  8 17:05:45 2023,1675865137,1.22,1689.24
Wed Feb  8 17:06:38 2023,1675865151,12.46,-8079.83
Wed Feb  8 17:07:02 2023,1675865204,2.29,1194.31
Wed Feb  8 17:07:19 2023,1675865229,1.41,1519.91
Wed Feb  8 17:07:31 2023,1675865245,1.08,1403.74
Wed Feb  8 17:07:57 2023,1675865258,2.45,1374.88
Wed Feb  8 17:08:10 2023,1675865283,1.14,2007.32
Wed Feb  8 17:08:25 2023,1675865296,1.27,1820.92
Wed Feb  8 17:08:36 2023,1675865311,1.06,1865.0
Wed Feb  8 17:09:06 2023,1675865323,3.13,1762.5
Wed Feb  8 17:09:25 2023,1675865353,1.63,1657.9
Wed Feb  8 17:09:49 2023,1675865372,2.11,1638.0
Wed Feb  8 17:10:27 2023,1675865395,5.16,512.39
Wed Feb  8 17:10:39 2023,1675865433,1.12,1150.55
Wed Feb  8 17:11:10 2023,1675865446,3.26,1097.5
Wed Feb  8 17:11:49 2023,1675865476,5.61,632.17
Wed Feb  8 17:12:17 2023,1675865516,2.85,886.79
Wed Feb  8 17:12:45 2023,1675865544,2.65,1708.5
Wed Feb  8 17:12:59 2023,1675865571,1.15,1748.8
Wed Feb  8 17:13:13 2023,1675865584,1.31,1676.0
Wed Feb  8 17:13:51 2023,1675865600,4.98,-1068.3
Wed Feb  8 17:14:09 2023,1675865637,1.60,1690.55
Wed Feb  8 17:14:23 2023,1675865656,1.23,1935.0
Wed Feb  8 17:14:49 2023,1675865670,2.36,1378.85
Wed Feb  8 17:15:05 2023,1675865695,1.36,2055.0
Wed Feb  8 17:15:15 2023,1675865711,1.00,3160.0
Wed Feb  8 17:15:29 2023,1675865722,1.16,3180.5
Wed Feb  8 17:15:58 2023,1675865735,3.02,2330.0
Wed Feb  8 17:17:27 2023,1675865764,110.58,-4673.22
Wed Feb  8 17:18:03 2023,1675865854,4.57,-710.41
Wed Feb  8 17:18:28 2023,1675865890,2.33,716.19
Wed Feb  8 17:19:01 2023,1675865915,3.82,727.15
Wed Feb  8 17:19:12 2023,1675865948,1.00,2024.0
Wed Feb  8 17:19:59 2023,1675865959,8.66,-7928.0
Wed Feb  8 17:20:10 2023,1675866005,1.00,1046.68
Wed Feb  8 17:20:21 2023,1675866016,1.03,1105.18
Wed Feb  8 17:20:49 2023,1675866027,2.84,-76.78
Wed Feb  8 17:21:10 2023,1675866056,1.86,5.2
Wed Feb  8 17:21:23 2023,1675866077,1.13,2342.0
Wed Feb  8 17:22:10 2023,1675866090,8.58,-6239.4
Wed Feb  8 17:22:21 2023,1675866136,1.01,1612.4
Wed Feb  8 17:22:36 2023,1675866147,1.30,1545.0
Wed Feb  8 17:23:16 2023,1675866162,5.97,-1765.04
Wed Feb  8 17:23:58 2023,1675866203,6.41,545.22
Wed Feb  8 17:24:10 2023,1675866245,1.10,1718.9
Wed Feb  8 17:25:56 2023,1675866257,284.74,-7790.33
Wed Feb  8 17:26:07 2023,1675866362,1.03,3153.2
Wed Feb  8 17:26:23 2023,1675866373,1.35,3010.0
Wed Feb  8 17:27:06 2023,1675866389,7.25,-8166.9
Wed Feb  8 17:27:18 2023,1675866433,1.06,2840.3
Wed Feb  8 17:28:19 2023,1675866445,20.28,-5421.0
Wed Feb  8 17:28:31 2023,1675866506,1.08,2773.6
Wed Feb  8 17:28:50 2023,1675866518,1.62,2975.0
Wed Feb  8 17:29:06 2023,1675866537,1.34,3049.3
Wed Feb  8 17:29:44 2023,1675866552,5.30,-1995.7
Wed Feb  8 17:29:55 2023,1675866591,1.00,2410.0
Wed Feb  8 17:30:06 2023,1675866602,1.00,1403.0
Wed Feb  8 17:31:14 2023,1675866613,31.52,-8355.88
Wed Feb  8 17:31:32 2023,1675866681,1.48,1612.98
Wed Feb  8 17:32:12 2023,1675866698,5.83,-341.6
Wed Feb  8 17:32:50 2023,1675866738,5.12,646.6
Wed Feb  8 17:33:04 2023,1675866776,1.21,1872.2
Wed Feb  8 17:33:24 2023,1675866790,1.72,2346.0
Wed Feb  8 17:33:40 2023,1675866810,1.36,2450.0
Wed Feb  8 17:34:08 2023,1675866826,2.72,2020.0
Wed Feb  8 17:34:32 2023,1675866854,2.29,3101.8
Wed Feb  8 17:35:43 2023,1675866878,37.14,-14903.94
Wed Feb  8 17:37:13 2023,1675866949,114.58,-4675.4
Wed Feb  8 17:37:34 2023,1675867039,1.88,1023.3
Wed Feb  8 17:38:05 2023,1675867061,3.29,918.6
Wed Feb  8 17:38:17 2023,1675867091,1.11,2154.0
Wed Feb  8 17:38:30 2023,1675867104,1.11,2030.09
Wed Feb  8 17:39:16 2023,1675867116,8.34,-6144.12
Wed Feb  8 17:39:29 2023,1675867162,1.14,2688.85
Wed Feb  8 17:39:52 2023,1675867175,2.05,1702.85
Wed Feb  8 17:40:20 2023,1675867198,2.81,1378.38
Wed Feb  8 17:41:09 2023,1675867226,10.32,-4393.81
Wed Feb  8 17:41:51 2023,1675867276,6.21,-3026.71
Wed Feb  8 17:42:22 2023,1675867317,3.34,451.17
Wed Feb  8 17:42:35 2023,1675867348,1.18,1807.0
Wed Feb  8 17:42:50 2023,1675867362,1.24,1754.1
Wed Feb  8 17:43:40 2023,1675867376,10.56,-3763.85
Wed Feb  8 17:43:59 2023,1675867426,1.67,2785.0
Wed Feb  8 17:44:20 2023,1675867446,1.83,1603.9
Wed Feb  8 17:45:00 2023,1675867466,5.85,-1668.54
Wed Feb  8 17:45:35 2023,1675867507,4.29,2008.23
Wed Feb  8 17:45:53 2023,1675867542,1.54,2601.3
Wed Feb  8 17:46:16 2023,1675867560,2.05,2361.12
Wed Feb  8 17:46:59 2023,1675867583,6.94,-1076.91
Wed Feb  8 17:47:27 2023,1675867626,2.81,2008.88
Wed Feb  8 17:47:39 2023,1675867654,1.04,2549.0
Wed Feb  8 17:47:52 2023,1675867665,1.17,2427.0
Wed Feb  8 17:48:05 2023,1675867679,1.12,2467.5
Wed Feb  8 17:48:27 2023,1675867691,1.94,1607.9
Wed Feb  8 17:49:46 2023,1675867713,59.54,-5925.34
Wed Feb  8 17:49:58 2023,1675867792,1.14,2511.35
Wed Feb  8 17:50:10 2023,1675867805,1.03,2235.25
Wed Feb  8 17:50:23 2023,1675867816,1.14,1726.0
Wed Feb  8 17:50:39 2023,1675867829,1.38,1745.13
Wed Feb  8 17:51:19 2023,1675867846,5.81,-1802.95
Wed Feb  8 17:51:47 2023,1675867886,2.77,-583.74
Wed Feb  8 17:52:07 2023,1675867913,1.78,1600.18
Wed Feb  8 17:52:20 2023,1675867934,1.13,1889.65
Wed Feb  8 17:52:35 2023,1675867947,1.27,1854.15
Wed Feb  8 17:52:50 2023,1675867962,1.27,1980.91
Wed Feb  8 17:53:20 2023,1675867976,3.12,1632.0
Wed Feb  8 17:53:38 2023,1675868006,1.56,998.45
Wed Feb  8 17:53:52 2023,1675868024,1.25,760.0
Wed Feb  8 17:54:19 2023,1675868039,2.54,740.2
Wed Feb  8 17:54:39 2023,1675868065,1.76,1982.61
Wed Feb  8 17:54:53 2023,1675868085,1.23,2090.0
Wed Feb  8 17:55:19 2023,1675868100,2.41,1046.31
Wed Feb  8 17:55:37 2023,1675868125,1.60,2485.8
Wed Feb  8 17:56:21 2023,1675868144,7.04,-2701.4
Wed Feb  8 17:56:40 2023,1675868187,1.69,1339.09
Wed Feb  8 17:57:10 2023,1675868207,3.02,743.4
Wed Feb  8 17:57:21 2023,1675868236,1.08,1362.65
Wed Feb  8 17:57:34 2023,1675868248,1.09,1521.43
Wed Feb  8 17:57:48 2023,1675868260,1.24,1426.32
Wed Feb  8 17:58:33 2023,1675868275,7.60,-2723.0
Wed Feb  8 17:58:47 2023,1675868319,1.20,868.0
Wed Feb  8 17:58:58 2023,1675868333,1.01,793.0
Wed Feb  8 17:59:16 2023,1675868344,1.55,2500.0
Wed Feb  8 18:00:20 2023,1675868362,24.96,-14401.3
Wed Feb  8 18:00:32 2023,1675868427,1.07,2051.0
Wed Feb  8 18:01:11 2023,1675868439,5.40,727.8
Wed Feb  8 18:01:35 2023,1675868477,2.28,1742.2
Wed Feb  8 18:02:12 2023,1675868502,4.68,-1962.96
Wed Feb  8 18:02:32 2023,1675868539,1.74,1020.9
Wed Feb  8 18:02:49 2023,1675868559,1.43,986.02
Wed Feb  8 18:03:23 2023,1675868575,4.08,699.5
Wed Feb  8 18:03:38 2023,1675868610,1.26,1762.0
Wed Feb  8 18:03:50 2023,1675868624,1.13,1735.0
Wed Feb  8 18:05:00 2023,1675868637,34.03,-6155.6
Wed Feb  8 18:05:29 2023,1675868707,3.00,2013.08
Wed Feb  8 18:05:53 2023,1675868736,2.19,2068.7
Wed Feb  8 18:06:39 2023,1675868760,8.36,-3930.92
Wed Feb  8 18:06:59 2023,1675868806,1.69,1601.13
Wed Feb  8 18:07:13 2023,1675868825,1.18,1979.87
Wed Feb  8 18:07:36 2023,1675868839,2.16,962.38
Wed Feb  8 18:07:47 2023,1675868863,1.04,1879.31
Wed Feb  8 18:08:02 2023,1675868874,1.25,1668.75
Wed Feb  8 18:08:23 2023,1675868889,1.76,575.62
Wed Feb  8 18:08:37 2023,1675868909,1.23,1106.75
Wed Feb  8 18:08:50 2023,1675868923,1.20,1055.0
Wed Feb  8 18:09:07 2023,1675868937,1.40,1048.39
Wed Feb  8 18:09:48 2023,1675868953,6.06,-3470.39
Wed Feb  8 18:11:04 2023,1675868994,51.62,-10040.97
Wed Feb  8 18:11:39 2023,1675869071,4.29,1433.27
Wed Feb  8 18:11:51 2023,1675869106,1.03,1955.4
Wed Feb  8 18:12:07 2023,1675869117,1.42,1840.59
Wed Feb  8 18:12:39 2023,1675869134,3.45,-344.91
Wed Feb  8 18:12:57 2023,1675869165,1.59,1607.97
Wed Feb  8 18:13:08 2023,1675869184,1.00,1200.0
Wed Feb  8 18:13:22 2023,1675869195,1.23,1179.58
Wed Feb  8 18:13:54 2023,1675869209,3.58,455.98
Wed Feb  8 18:14:17 2023,1675869241,2.01,448.15
Wed Feb  8 18:14:35 2023,1675869263,1.53,2886.75
Wed Feb  8 18:15:17 2023,1675869281,6.16,-298.7
Wed Feb  8 18:15:58 2023,1675869322,6.58,-5100.99
Wed Feb  8 18:16:15 2023,1675869365,1.42,2106.5
Wed Feb  8 18:16:33 2023,1675869381,1.61,1906.45
Wed Feb  8 18:17:02 2023,1675869400,2.94,457.53
Wed Feb  8 18:17:14 2023,1675869429,1.09,1414.6
Wed Feb  8 18:17:39 2023,1675869441,2.28,1096.9
Wed Feb  8 18:18:08 2023,1675869465,2.94,1143.16
Wed Feb  8 18:18:31 2023,1675869494,2.16,1120.97
Wed Feb  8 18:18:45 2023,1675869518,1.16,1019.7
Wed Feb  8 18:19:17 2023,1675869531,3.59,557.1
Wed Feb  8 18:19:31 2023,1675869563,1.23,1775.0
Wed Feb  8 18:19:59 2023,1675869578,2.72,704.2
Wed Feb  8 18:20:09 2023,1675869605,1.01,2600.7
Wed Feb  8 18:20:25 2023,1675869616,1.31,2326.0
Wed Feb  8 18:21:43 2023,1675869631,59.03,-13910.9
Wed Feb  8 18:22:30 2023,1675869710,8.68,-1580.68
Wed Feb  8 18:22:59 2023,1675869757,2.96,-97.42
Wed Feb  8 18:23:10 2023,1675869786,1.00,2710.0
Wed Feb  8 18:23:24 2023,1675869797,1.23,2657.85
Wed Feb  8 18:24:01 2023,1675869811,4.75,-1626.51
Wed Feb  8 18:24:42 2023,1675869848,6.34,-4202.38
Wed Feb  8 18:25:00 2023,1675869889,1.54,2174.1
Wed Feb  8 18:25:24 2023,1675869907,2.17,1587.11
Wed Feb  8 18:25:52 2023,1675869931,2.72,1479.22
Wed Feb  8 18:26:38 2023,1675869958,8.24,-2618.25
Wed Feb  8 18:27:21 2023,1675870004,6.95,-1162.86
Wed Feb  8 18:28:05 2023,1675870047,7.32,-1230.68
Wed Feb  8 18:28:32 2023,1675870091,2.62,638.54
Wed Feb  8 18:29:00 2023,1675870118,2.96,-1036.99
Wed Feb  8 18:29:40 2023,1675870147,5.77,-544.04
Wed Feb  8 18:30:02 2023,1675870187,1.87,2436.72
Wed Feb  8 18:30:47 2023,1675870208,7.70,-5347.62
Wed Feb  8 18:30:59 2023,1675870253,1.11,3030.01
Wed Feb  8 18:31:28 2023,1675870266,2.97,614.1
Wed Feb  8 18:31:40 2023,1675870295,1.07,1552.69
Wed Feb  8 18:31:55 2023,1675870307,1.26,1391.92
Wed Feb  8 18:32:10 2023,1675870321,1.35,1433.92
Wed Feb  8 18:32:25 2023,1675870337,1.26,1394.25
Wed Feb  8 18:32:42 2023,1675870352,1.47,1437.07
Wed Feb  8 18:33:36 2023,1675870369,13.53,-8304.28
Wed Feb  8 18:33:47 2023,1675870423,1.00,2358.0
Wed Feb  8 18:34:02 2023,1675870434,1.27,2249.0
Wed Feb  8 18:34:14 2023,1675870449,1.09,1227.0
Wed Feb  8 18:34:27 2023,1675870461,1.10,1242.81
Wed Feb  8 18:34:38 2023,1675870473,1.07,1286.68
Wed Feb  8 18:35:18 2023,1675870485,5.63,-718.52
Wed Feb  8 18:35:39 2023,1675870525,1.80,2575.68
Wed Feb  8 18:35:53 2023,1675870546,1.21,2617.0
Wed Feb  8 18:36:09 2023,1675870559,1.37,2579.0
Wed Feb  8 18:36:31 2023,1675870576,2.01,2877.1
Wed Feb  8 18:37:28 2023,1675870598,16.17,-12986.66
Wed Feb  8 18:37:57 2023,1675870655,2.96,1679.82
Wed Feb  8 18:38:08 2023,1675870684,1.02,2486.08
Wed Feb  8 18:38:55 2023,1675870695,8.72,-10698.2
Wed Feb  8 18:39:13 2023,1675870742,1.48,1466.08
Wed Feb  8 18:39:25 2023,1675870759,1.09,1512.78
Wed Feb  8 18:40:24 2023,1675870772,18.37,-7662.25
Wed Feb  8 18:40:45 2023,1675870831,1.77,2276.36
Wed Feb  8 18:41:14 2023,1675870851,3.01,1377.06
Wed Feb  8 18:42:33 2023,1675870880,62.94,-4491.2
Wed Feb  8 18:43:21 2023,1675870960,9.07,-5330.69
Wed Feb  8 18:43:33 2023,1675871008,1.05,2131.99
Wed Feb  8 18:43:50 2023,1675871019,1.46,1794.28
Wed Feb  8 18:44:28 2023,1675871037,5.34,-886.47
Wed Feb  8 18:44:42 2023,1675871075,1.19,2969.08
Wed Feb  8 18:44:54 2023,1675871089,1.09,2520.6
Wed Feb  8 18:45:09 2023,1675871101,1.23,1332.04
Wed Feb  8 18:45:22 2023,1675871115,1.20,1593.2
Wed Feb  8 18:45:45 2023,1675871129,2.01,1481.4
Wed Feb  8 18:46:08 2023,1675871152,2.08,1115.71
Wed Feb  8 18:46:30 2023,1675871175,1.95,1147.1
Wed Feb  8 18:46:55 2023,1675871197,2.34,1616.4
Wed Feb  8 18:47:15 2023,1675871222,1.75,2641.0
Wed Feb  8 18:47:41 2023,1675871242,2.51,2620.8
Wed Feb  8 18:48:02 2023,1675871268,1.85,3398.0
Wed Feb  8 18:48:51 2023,1675871289,9.60,-4326.19
Wed Feb  8 18:49:48 2023,1675871337,16.46,-4654.4
Wed Feb  8 18:50:02 2023,1675871395,1.19,2687.0
Wed Feb  8 18:50:15 2023,1675871409,1.12,1733.0
Wed Feb  8 18:50:54 2023,1675871421,5.67,-958.21
Wed Feb  8 18:51:32 2023,1675871461,4.96,754.68
Wed Feb  8 18:51:47 2023,1675871499,1.31,2382.4
Wed Feb  8 18:52:20 2023,1675871514,3.87,721.36
Wed Feb  8 18:53:01 2023,1675871547,5.92,-471.72
Wed Feb  8 18:53:42 2023,1675871588,6.35,355.7
Wed Feb  8 18:54:02 2023,1675871629,1.70,1742.24
Wed Feb  8 18:54:41 2023,1675871649,5.47,-1161.51
Wed Feb  8 18:55:08 2023,1675871688,2.67,1718.68
Wed Feb  8 18:55:41 2023,1675871715,3.65,2121.68
Wed Feb  8 18:56:16 2023,1675871748,4.28,1658.25
Wed Feb  8 18:56:45 2023,1675871783,3.05,1655.37
Wed Feb  8 18:57:16 2023,1675871812,1.19,2879.4
Wed Feb  8 18:57:43 2023,1675871826,7.46,-4853.2
Wed Feb  8 18:58:44 2023,1675871870,19.75,-13127.09
Wed Feb  8 18:59:13 2023,1675871931,3.03,1512.66
Wed Feb  8 19:00:01 2023,1675871960,9.28,-14897.56
Wed Feb  8 19:00:44 2023,1675872008,6.83,-4313.42
Wed Feb  8 19:01:04 2023,1675872051,1.75,3007.84
Wed Feb  8 19:01:42 2023,1675872071,5.19,113.75
Wed Feb  8 19:02:04 2023,1675872109,1.88,3045.97
Wed Feb  8 19:02:15 2023,1675872130,1.04,3932.05
Wed Feb  8 19:02:26 2023,1675872142,1.00,4074.0
Wed Feb  8 19:02:44 2023,1675872153,1.53,2863.3
Wed Feb  8 19:04:05 2023,1675872171,69.71,-15948.9
Wed Feb  8 19:04:20 2023,1675872252,1.28,2642.32
Wed Feb  8 19:05:19 2023,1675872267,17.31,-9548.27
Wed Feb  8 19:06:06 2023,1675872325,8.74,-8798.43
Wed Feb  8 19:06:17 2023,1675872372,1.03,1747.1
Wed Feb  8 19:06:39 2023,1675872384,1.97,1879.54
Wed Feb  8 19:07:02 2023,1675872406,2.04,2682.46
Wed Feb  8 19:07:17 2023,1675872428,1.35,3289.86
Wed Feb  8 19:07:42 2023,1675872444,2.25,2638.86
Wed Feb  8 19:08:22 2023,1675872469,5.83,-2224.4
Wed Feb  8 19:08:44 2023,1675872509,1.96,1903.5
Wed Feb  8 19:09:07 2023,1675872531,2.06,2495.93
Wed Feb  8 19:09:23 2023,1675872554,1.35,1942.46
Wed Feb  8 19:09:47 2023,1675872570,2.22,1615.21
Wed Feb  8 19:09:59 2023,1675872594,1.09,1035.82
Wed Feb  8 19:10:39 2023,1675872606,5.72,1790.65
Wed Feb  8 19:11:06 2023,1675872646,2.68,2439.4
Wed Feb  8 19:11:17 2023,1675872673,1.00,2735.0
Wed Feb  8 19:11:35 2023,1675872684,1.54,2627.07
Wed Feb  8 19:12:36 2023,1675872702,20.47,-11237.98
Wed Feb  8 19:13:02 2023,1675872763,2.48,2993.9
Wed Feb  8 19:13:33 2023,1675872789,3.29,1184.16
Wed Feb  8 19:14:19 2023,1675872820,3.92,1311.2
Wed Feb  8 19:14:29 2023,1675872853,1.08,2031.8
Wed Feb  8 19:14:54 2023,1675872865,4.37,-745.9
Wed Feb  8 19:16:02 2023,1675872901,31.56,-5907.26
Wed Feb  8 19:16:14 2023,1675872969,1.09,2905.7
Wed Feb  8 19:16:49 2023,1675872981,4.21,154.3
Wed Feb  8 19:17:13 2023,1675873016,1.94,2814.95
Wed Feb  8 19:17:32 2023,1675873038,1.67,2341.75
Wed Feb  8 19:17:56 2023,1675873057,2.46,1880.84
Wed Feb  8 19:18:30 2023,1675873083,4.07,1121.3
Wed Feb  8 19:18:41 2023,1675873117,1.02,3181.0
Wed Feb  8 19:18:56 2023,1675873128,1.27,2604.0
Wed Feb  8 19:19:32 2023,1675873143,4.56,324.02
Wed Feb  8 19:19:46 2023,1675873179,1.00,1903.0
Wed Feb  8 19:20:09 2023,1675873190,2.45,1840.84
Wed Feb  8 19:20:29 2023,1675873216,1.75,3086.0
Wed Feb  8 19:20:53 2023,1675873236,2.21,3189.96
Wed Feb  8 19:21:44 2023,1675873260,10.92,-15015.43
Wed Feb  8 19:21:57 2023,1675873310,1.16,2430.75
Wed Feb  8 19:22:12 2023,1675873324,1.31,2128.0
Wed Feb  8 19:22:25 2023,1675873339,1.00,2095.0
Wed Feb  8 19:23:46 2023,1675873350,76.87,-8001.7
Wed Feb  8 19:24:10 2023,1675873433,2.24,2224.15
Wed Feb  8 19:24:43 2023,1675873457,3.64,767.29
Wed Feb  8 19:25:37 2023,1675873490,13.50,-10002.35
Wed Feb  8 19:25:48 2023,1675873544,1.02,1974.0
Wed Feb  8 19:26:55 2023,1675873555,29.94,-8654.3
Wed Feb  8 19:27:10 2023,1675873622,1.24,2492.05
Wed Feb  8 19:27:28 2023,1675873637,1.52,2529.0
Wed Feb  8 19:27:40 2023,1675873654,1.08,2336.0
Wed Feb  8 19:28:06 2023,1675873667,2.50,2301.57
Wed Feb  8 19:28:23 2023,1675873693,1.52,2520.0
Wed Feb  8 19:28:40 2023,1675873710,1.45,2126.6
Wed Feb  8 19:29:10 2023,1675873727,3.15,737.5
Wed Feb  8 19:29:22 2023,1675873757,1.07,970.0
Wed Feb  8 19:30:31 2023,1675873769,31.41,-7568.0
Wed Feb  8 19:31:18 2023,1675873837,8.84,-8480.9
Wed Feb  8 19:31:30 2023,1675873885,1.08,2896.3
Wed Feb  8 19:32:02 2023,1675873897,3.68,-255.0
Wed Feb  8 19:32:25 2023,1675873929,2.09,1566.94
Wed Feb  8 19:32:37 2023,1675873952,1.00,2180.3
Wed Feb  8 19:33:08 2023,1675873963,3.48,-2302.7
Wed Feb  8 19:33:49 2023,1675873995,6.29,-5554.6
Wed Feb  8 19:34:13 2023,1675874036,2.14,2658.1
Wed Feb  8 19:35:14 2023,1675874060,20.17,-10593.19
Wed Feb  8 19:35:32 2023,1675874120,1.63,3219.0
Wed Feb  8 19:35:50 2023,1675874139,1.52,3534.0
Wed Feb  8 19:36:22 2023,1675874157,3.42,981.0
Wed Feb  8 19:36:51 2023,1675874188,3.08,-694.8
Wed Feb  8 19:37:09 2023,1675874218,1.53,2863.7
Wed Feb  8 19:37:44 2023,1675874236,4.16,-3109.45
Wed Feb  8 19:38:21 2023,1675874271,5.02,-1269.53
Wed Feb  8 19:38:46 2023,1675874308,2.25,2928.35
Wed Feb  8 19:39:10 2023,1675874333,2.30,3476.1
Wed Feb  8 19:39:25 2023,1675874357,1.21,1938.9
Wed Feb  8 19:39:45 2023,1675874371,1.78,1927.37
Wed Feb  8 19:40:03 2023,1675874392,1.54,2648.0
Wed Feb  8 19:41:25 2023,1675874410,73.66,-15782.16
Wed Feb  8 19:41:45 2023,1675874492,1.76,3329.32
Wed Feb  8 19:41:58 2023,1675874512,1.00,3085.52
Wed Feb  8 19:42:08 2023,1675874523,1.00,3415.52
Wed Feb  8 19:42:24 2023,1675874534,1.32,2800.0
Wed Feb  8 19:43:12 2023,1675874549,9.18,-13763.9
Wed Feb  8 19:43:40 2023,1675874597,2.90,2064.25
Wed Feb  8 19:43:53 2023,1675874626,1.12,2652.0
Wed Feb  8 19:44:04 2023,1675874638,1.00,3530.0
Wed Feb  8 19:44:21 2023,1675874649,1.51,2980.3
Wed Feb  8 19:44:53 2023,1675874667,3.61,-717.35
Wed Feb  8 19:45:10 2023,1675874699,1.42,2618.25
Wed Feb  8 19:45:56 2023,1675874716,8.21,-2996.55
Wed Feb  8 19:46:15 2023,1675874762,1.62,1621.9
Wed Feb  8 19:46:43 2023,1675874781,2.92,1379.0
Wed Feb  8 19:46:57 2023,1675874809,1.16,2058.0
Wed Feb  8 19:47:09 2023,1675874822,1.07,3690.0
Wed Feb  8 19:48:31 2023,1675874834,70.80,-9157.2
Wed Feb  8 19:49:05 2023,1675874916,4.24,-115.29
Wed Feb  8 19:51:25 2023,1675874951,2293.28,-12685.46
Wed Feb  8 19:51:40 2023,1675875091,1.27,1495.29
Wed Feb  8 19:51:53 2023,1675875106,1.16,1268.14
Wed Feb  8 19:52:11 2023,1675875119,1.55,1914.14
Wed Feb  8 19:52:56 2023,1675875137,5.69,-3591.89
Wed Feb  8 19:53:05 2023,1675875177,1.00,2691.6
Wed Feb  8 19:53:33 2023,1675875188,3.43,-816.4
Wed Feb  8 19:53:50 2023,1675875219,1.42,3072.3
Wed Feb  8 19:54:16 2023,1675875236,2.41,2143.65
Wed Feb  8 19:54:31 2023,1675875261,1.32,3054.17
Wed Feb  8 19:54:59 2023,1675875277,2.78,232.91
Wed Feb  8 19:55:52 2023,1675875304,12.50,-10834.47
Wed Feb  8 19:56:05 2023,1675875357,1.16,3425.71
Wed Feb  8 19:56:18 2023,1675875371,1.13,4733.08
Wed Feb  8 19:56:31 2023,1675875384,1.15,3950.78
Wed Feb  8 19:56:46 2023,1675875397,1.25,4041.0
Wed Feb  8 19:56:58 2023,1675875411,1.10,4100.8
Wed Feb  8 19:57:09 2023,1675875424,1.00,1985.0
Wed Feb  8 19:57:34 2023,1675875434,2.41,2120.0
Wed Feb  8 19:57:59 2023,1675875460,2.25,2034.6
Wed Feb  8 19:58:10 2023,1675875484,1.00,2868.6
Wed Feb  8 19:59:09 2023,1675875495,18.43,-9690.8
Wed Feb  8 19:59:25 2023,1675875554,1.37,2467.2
Wed Feb  8 20:00:21 2023,1675875570,13.73,-15305.45
Wed Feb  8 20:00:31 2023,1675875625,1.05,2968.4
Wed Feb  8 20:00:50 2023,1675875637,1.55,2929.75
Wed Feb  8 20:01:02 2023,1675875655,1.10,2959.48
Wed Feb  8 20:01:16 2023,1675875667,1.28,3500.0
Wed Feb  8 20:02:20 2023,1675875682,22.44,-14453.52
Wed Feb  8 20:02:54 2023,1675875745,4.21,-494.9
Wed Feb  8 20:03:22 2023,1675875779,2.73,3206.5
Wed Feb  8 20:03:57 2023,1675875807,4.29,697.9
Wed Feb  8 20:04:41 2023,1675875842,7.37,-10881.2
Wed Feb  8 20:04:52 2023,1675875886,1.00,2789.0
Wed Feb  8 20:05:33 2023,1675875897,6.40,-9277.9
Wed Feb  8 20:06:04 2023,1675875939,3.37,801.2
Wed Feb  8 20:06:18 2023,1675875970,1.16,2452.2
Wed Feb  8 20:06:37 2023,1675875983,1.60,2494.41
Wed Feb  8 20:06:50 2023,1675876002,1.15,2535.0
Wed Feb  8 20:07:13 2023,1675876015,2.06,2575.0
Wed Feb  8 20:07:23 2023,1675876038,1.01,3430.2
Wed Feb  8 20:07:43 2023,1675876049,1.65,3350.2
Wed Feb  8 20:08:03 2023,1675876068,1.86,3247.5
Wed Feb  8 20:08:14 2023,1675876089,1.00,2878.0
Wed Feb  8 20:08:26 2023,1675876100,1.06,2821.0
Wed Feb  8 20:08:50 2023,1675876112,2.19,2785.8
Wed Feb  8 20:09:02 2023,1675876135,1.07,2791.0
Wed Feb  8 20:09:29 2023,1675876147,2.67,2585.0
Wed Feb  8 20:09:57 2023,1675876175,2.86,2532.16
Wed Feb  8 20:10:21 2023,1675876203,2.12,1898.23
Wed Feb  8 20:10:44 2023,1675876226,2.14,-128.48
Wed Feb  8 20:10:57 2023,1675876250,1.10,1988.45
Wed Feb  8 20:11:29 2023,1675876262,3.68,2593.42
Wed Feb  8 20:11:57 2023,1675876295,2.82,1831.02
Wed Feb  8 20:12:28 2023,1675876323,3.28,-1349.8
Wed Feb  8 20:12:54 2023,1675876353,2.43,1473.4
Wed Feb  8 20:13:39 2023,1675876379,8.30,-4257.11
Wed Feb  8 20:13:57 2023,1675876425,1.46,2635.42
Wed Feb  8 20:14:49 2023,1675876442,11.82,-16942.7
Wed Feb  8 20:15:08 2023,1675876494,1.63,3076.7
Wed Feb  8 20:15:25 2023,1675876513,1.52,1664.4
Wed Feb  8 20:15:38 2023,1675876531,1.14,2734.0
Wed Feb  8 20:15:53 2023,1675876544,1.31,2773.0
Wed Feb  8 20:16:50 2023,1675876559,14.98,-9276.0
Wed Feb  8 20:17:02 2023,1675876615,1.10,2877.0
Wed Feb  8 20:17:53 2023,1675876627,11.00,-7196.85
Wed Feb  8 20:18:06 2023,1675876678,1.18,2555.65
Wed Feb  8 20:18:23 2023,1675876692,1.38,2540.0
Wed Feb  8 20:19:26 2023,1675876708,23.98,-15088.9
Wed Feb  8 20:19:41 2023,1675876772,1.25,3713.0
Wed Feb  8 20:20:10 2023,1675876786,3.03,758.35
Wed Feb  8 20:20:38 2023,1675876815,2.81,1397.39
Wed Feb  8 20:22:06 2023,1675876843,95.18,-11492.87
Wed Feb  8 20:22:25 2023,1675876930,1.57,1720.28
Wed Feb  8 20:23:10 2023,1675876949,7.88,-5116.61
Wed Feb  8 20:23:21 2023,1675876994,1.10,3161.76
Wed Feb  8 20:23:57 2023,1675877006,2.16,2552.75
Wed Feb  8 20:24:43 2023,1675877030,17.13,-12176.66
Wed Feb  8 20:25:00 2023,1675877088,1.46,3370.05
Wed Feb  8 20:25:17 2023,1675877105,1.45,583.25
Wed Feb  8 20:25:40 2023,1675877122,1.97,1493.25
Wed Feb  8 20:26:02 2023,1675877144,2.10,1465.0
Wed Feb  8 20:26:41 2023,1675877167,5.35,894.37
Wed Feb  8 20:27:01 2023,1675877206,1.76,1837.83
Wed Feb  8 20:27:15 2023,1675877226,1.24,2494.0
Wed Feb  8 20:27:52 2023,1675877241,4.46,1757.96
Wed Feb  8 20:28:25 2023,1675877276,3.99,-650.74
Wed Feb  8 20:28:47 2023,1675877310,1.87,2906.45
Wed Feb  8 20:29:01 2023,1675877332,1.30,2960.0
Wed Feb  8 20:29:20 2023,1675877347,1.50,3247.25
Wed Feb  8 20:29:43 2023,1675877364,2.21,2272.9
Wed Feb  8 20:30:17 2023,1675877388,3.95,2094.3
Wed Feb  8 20:30:31 2023,1675877422,1.24,3089.95
Wed Feb  8 20:30:44 2023,1675877436,1.14,2715.0
Wed Feb  8 20:30:57 2023,1675877449,1.16,2775.0
Wed Feb  8 20:31:26 2023,1675877463,3.01,1731.35
Wed Feb  8 20:31:51 2023,1675877492,2.24,2573.87
Wed Feb  8 20:32:18 2023,1675877516,2.72,1495.35
Wed Feb  8 20:32:40 2023,1675877544,1.91,3494.29
Wed Feb  8 20:32:56 2023,1675877565,1.04,4507.05
Wed Feb  8 20:33:57 2023,1675877577,26.21,-18382.52
Wed Feb  8 20:34:16 2023,1675877642,1.69,2712.85
Wed Feb  8 20:35:01 2023,1675877662,7.81,-6671.1
Wed Feb  8 20:35:32 2023,1675877707,3.29,5.15
Wed Feb  8 20:35:47 2023,1675877737,1.28,2615.8
Wed Feb  8 20:36:21 2023,1675877752,4.07,-1606.69
Wed Feb  8 20:36:35 2023,1675877787,1.18,3073.0
Wed Feb  8 20:36:48 2023,1675877800,1.14,2245.73
Wed Feb  8 20:37:22 2023,1675877813,4.04,6.5
Wed Feb  8 20:37:49 2023,1675877847,2.53,1747.62
Wed Feb  8 20:38:05 2023,1675877873,1.35,2116.57
Wed Feb  8 20:38:46 2023,1675877889,2.99,1796.71
Wed Feb  8 20:38:55 2023,1675877918,1.66,2183.6
Wed Feb  8 20:39:42 2023,1675877938,9.75,-9286.07
Wed Feb  8 20:39:59 2023,1675877986,1.51,3109.96
Wed Feb  8 20:40:23 2023,1675878004,2.30,890.33
Wed Feb  8 20:40:44 2023,1675878029,1.83,1875.9
Wed Feb  8 20:40:59 2023,1675878050,1.30,1927.0
Wed Feb  8 20:41:20 2023,1675878065,1.80,3636.95
Wed Feb  8 20:41:31 2023,1675878085,1.03,4121.7
Wed Feb  8 20:41:48 2023,1675878097,1.39,4020.0
Wed Feb  8 20:42:20 2023,1675878113,3.59,2085.76
Wed Feb  8 20:43:04 2023,1675878145,7.27,-308.11
Wed Feb  8 20:43:23 2023,1675878189,1.62,1977.6
Wed Feb  8 20:43:38 2023,1675878208,1.32,1763.0
Wed Feb  8 20:44:14 2023,1675878223,4.55,-1978.58
Wed Feb  8 20:44:54 2023,1675878259,5.69,-2189.83
Wed Feb  8 20:45:49 2023,1675878299,14.19,-17117.78
Wed Feb  8 20:46:10 2023,1675878354,1.80,1673.97
Wed Feb  8 20:46:26 2023,1675878375,1.37,1730.22
Wed Feb  8 20:47:04 2023,1675878391,5.34,-800.43
Wed Feb  8 20:47:23 2023,1675878430,1.64,1616.07
Wed Feb  8 20:47:50 2023,1675878449,2.55,1571.22
Wed Feb  8 20:49:28 2023,1675878475,168.86,-10970.57
Wed Feb  8 20:50:05 2023,1675878571,4.43,-2049.78
Wed Feb  8 20:50:23 2023,1675878607,1.81,1529.95
Wed Feb  8 20:50:42 2023,1675878628,1.61,1968.7
Wed Feb  8 20:51:09 2023,1675878647,2.51,2269.01
Wed Feb  8 20:51:52 2023,1675878673,6.87,-3238.63
Wed Feb  8 20:52:58 2023,1675878716,27.18,-20925.04
Wed Feb  8 20:53:12 2023,1675878781,1.29,1719.46
Wed Feb  8 20:53:58 2023,1675878797,8.12,-3435.76
Wed Feb  8 20:54:53 2023,1675878842,15.08,-4442.22
Wed Feb  8 20:55:08 2023,1675878898,1.26,1436.71
Wed Feb  8 20:56:08 2023,1675878913,5.01,-4107.95
Wed Feb  8 20:56:21 2023,1675878951,4.56,396.91
Wed Feb  8 20:56:36 2023,1675878987,1.20,2389.51
Wed Feb  8 20:56:51 2023,1675879001,1.30,2094.7
Wed Feb  8 20:57:24 2023,1675879016,4.03,-778.0
Wed Feb  8 20:57:48 2023,1675879050,1.94,2320.6
Wed Feb  8 20:58:03 2023,1675879072,1.41,3320.35
Wed Feb  8 20:58:17 2023,1675879088,1.05,3235.0
Wed Feb  8 20:58:34 2023,1675879100,1.62,3231.0
Wed Feb  8 20:58:51 2023,1675879119,1.51,3235.37
Wed Feb  8 21:00:10 2023,1675879136,60.36,-21062.73
Wed Feb  8 21:01:31 2023,1675879216,68.27,-8242.45
Wed Feb  8 21:01:47 2023,1675879297,1.34,3442.7
Wed Feb  8 21:02:07 2023,1675879312,1.67,3301.5
Wed Feb  8 21:02:26 2023,1675879332,1.68,2285.0
Wed Feb  8 21:03:06 2023,1675879351,5.42,-1069.0
Wed Feb  8 21:03:34 2023,1675879390,2.89,31.55
Wed Feb  8 21:03:45 2023,1675879419,1.01,2219.38
Wed Feb  8 21:04:03 2023,1675879430,1.57,2495.3
Wed Feb  8 21:04:22 2023,1675879448,1.43,1060.39
Wed Feb  8 21:05:25 2023,1675879465,26.28,-8887.26
Wed Feb  8 21:05:41 2023,1675879530,1.29,2026.4
Wed Feb  8 21:05:54 2023,1675879545,1.22,2842.3
Wed Feb  8 21:06:52 2023,1675879559,11.18,-12996.1
Wed Feb  8 21:07:10 2023,1675879611,2.30,1055.27
Wed Feb  8 21:07:38 2023,1675879635,2.22,1280.28
Wed Feb  8 21:08:06 2023,1675879659,3.45,1157.2
Wed Feb  8 21:08:38 2023,1675879691,2.70,1265.91
Wed Feb  8 21:09:31 2023,1675879718,16.97,-9822.18
Wed Feb  8 21:10:18 2023,1675879776,8.71,-4782.2
Wed Feb  8 21:10:31 2023,1675879823,1.18,3872.15
Wed Feb  8 21:10:58 2023,1675879837,2.50,2255.52
Wed Feb  8 21:11:12 2023,1675879863,1.24,3222.0
Wed Feb  8 21:11:26 2023,1675879877,1.19,3765.0
Wed Feb  8 21:11:41 2023,1675879891,1.26,2852.03
Wed Feb  8 21:12:04 2023,1675879906,1.85,2220.96
Wed Feb  8 21:12:14 2023,1675879927,1.09,2124.49
Wed Feb  8 21:12:30 2023,1675879939,1.20,2036.0
Wed Feb  8 21:13:09 2023,1675879953,6.32,-220.25
Wed Feb  8 21:13:46 2023,1675879994,1.91,2229.95
Wed Feb  8 21:13:56 2023,1675880016,1.54,2777.3
Wed Feb  8 21:14:05 2023,1675880034,1.09,2809.9
Wed Feb  8 21:14:37 2023,1675880046,4.63,1034.59
Wed Feb  8 21:15:08 2023,1675880083,3.38,2517.89
Wed Feb  8 21:15:37 2023,1675880114,2.96,2421.91
Wed Feb  8 21:15:52 2023,1675880143,1.22,3027.86
Wed Feb  8 21:16:04 2023,1675880157,1.02,2331.86
Wed Feb  8 21:16:29 2023,1675880168,2.56,1958.29
Wed Feb  8 21:16:55 2023,1675880194,2.49,1912.93
Wed Feb  8 21:17:08 2023,1675880220,1.10,2696.95
Wed Feb  8 21:17:39 2023,1675880233,3.18,1818.92
Wed Feb  8 21:17:56 2023,1675880263,1.57,2609.72
Wed Feb  8 21:18:08 2023,1675880281,1.05,3254.62
Wed Feb  8 21:18:23 2023,1675880293,1.21,3232.32
Wed Feb  8 21:19:33 2023,1675880307,38.29,-14581.6
Wed Feb  8 21:19:49 2023,1675880379,1.39,2176.74
Wed Feb  8 21:20:35 2023,1675880395,8.29,-6930.8
Wed Feb  8 21:21:05 2023,1675880441,3.17,336.75
Wed Feb  8 21:21:45 2023,1675880471,5.07,-1029.15
Wed Feb  8 21:22:41 2023,1675880509,15.94,-13826.49
Wed Feb  8 21:22:55 2023,1675880566,1.24,3409.99
Wed Feb  8 21:23:24 2023,1675880580,3.00,656.7
Wed Feb  8 21:23:37 2023,1675880609,1.19,3146.28
Wed Feb  8 21:24:05 2023,1675880623,2.56,2429.3
Wed Feb  8 21:24:42 2023,1675880650,5.00,1366.97
Wed Feb  8 21:24:55 2023,1675880687,1.18,2488.5
Wed Feb  8 21:25:14 2023,1675880701,1.57,3065.18
Wed Feb  8 21:25:46 2023,1675880719,3.57,-64.48
Wed Feb  8 21:25:58 2023,1675880751,1.09,2759.2
Wed Feb  8 21:26:23 2023,1675880763,2.27,1032.26
Wed Feb  8 21:26:38 2023,1675880788,1.31,2316.0
Wed Feb  8 21:26:50 2023,1675880803,1.06,2420.99
Wed Feb  8 21:27:02 2023,1675880815,1.05,2806.0
Wed Feb  8 21:27:45 2023,1675880827,7.07,-108.26
Wed Feb  8 21:28:05 2023,1675880870,1.79,1010.0
Wed Feb  8 21:28:30 2023,1675880891,2.38,1536.96
Wed Feb  8 21:28:50 2023,1675880916,1.74,1901.81
Wed Feb  8 21:29:02 2023,1675880936,1.00,2033.0
Wed Feb  8 21:29:13 2023,1675880947,1.03,2618.89
Wed Feb  8 21:29:41 2023,1675880958,2.88,1473.0
Wed Feb  8 21:30:03 2023,1675880986,1.98,2145.0
Wed Feb  8 21:30:19 2023,1675881009,1.36,2310.4
Wed Feb  8 21:31:09 2023,1675881025,10.17,-5742.4
Wed Feb  8 21:31:30 2023,1675881074,1.95,3634.15
Wed Feb  8 21:31:44 2023,1675881096,1.21,2062.8
Wed Feb  8 21:32:19 2023,1675881110,4.04,1458.37
Wed Feb  8 21:33:02 2023,1675881144,5.11,-61.52
Wed Feb  8 21:33:12 2023,1675881182,1.22,2419.54
Wed Feb  8 21:33:34 2023,1675881196,2.08,1461.8
Wed Feb  8 21:33:45 2023,1675881219,1.03,2779.59
Wed Feb  8 21:34:17 2023,1675881231,3.62,1070.5
Wed Feb  8 21:34:32 2023,1675881263,1.26,2603.9
Wed Feb  8 21:34:46 2023,1675881277,1.24,3633.0
Wed Feb  8 21:35:15 2023,1675881292,2.84,2333.3
Wed Feb  8 21:36:25 2023,1675881320,30.77,-10712.07
Wed Feb  8 21:36:49 2023,1675881388,2.01,1476.24
Wed Feb  8 21:37:05 2023,1675881410,1.68,1704.5
Wed Feb  8 21:37:53 2023,1675881430,9.45,-11843.7
Wed Feb  8 21:38:11 2023,1675881478,1.48,4349.4
Wed Feb  8 21:38:58 2023,1675881496,9.18,-3657.3
Wed Feb  8 21:39:35 2023,1675881543,4.67,108.3
Wed Feb  8 21:39:59 2023,1675881580,1.86,2494.5
Wed Feb  8 21:40:22 2023,1675881601,2.38,1844.12
Wed Feb  8 21:41:07 2023,1675881626,8.07,-5292.79
Wed Feb  8 21:41:41 2023,1675881672,3.97,-1038.23
Wed Feb  8 21:41:53 2023,1675881706,1.01,1617.8
Wed Feb  8 21:42:32 2023,1675881717,6.06,56.37
Wed Feb  8 21:42:53 2023,1675881757,1.74,1701.15
Wed Feb  8 21:43:06 2023,1675881777,1.17,2260.84
Wed Feb  8 21:43:32 2023,1675881791,2.50,3021.17
Wed Feb  8 21:43:47 2023,1675881817,1.26,3122.13
Wed Feb  8 21:44:07 2023,1675881832,1.02,4010.27
Wed Feb  8 21:44:17 2023,1675881843,1.11,1425.0
Wed Feb  8 21:45:07 2023,1675881855,14.69,-4874.3
Wed Feb  8 21:45:21 2023,1675881911,1.27,4130.9
Wed Feb  8 21:45:57 2023,1675881926,4.63,-3960.05
Wed Feb  8 21:46:14 2023,1675881962,1.49,1449.12
Wed Feb  8 21:47:07 2023,1675881980,11.67,-5054.1
Wed Feb  8 21:47:21 2023,1675882031,1.22,4637.5
Wed Feb  8 21:47:34 2023,1675882046,1.18,3163.0
Wed Feb  8 21:48:23 2023,1675882059,8.78,-9527.23
Wed Feb  8 21:48:48 2023,1675882106,2.67,3186.45
Wed Feb  8 21:49:12 2023,1675882133,1.61,2688.59
Wed Feb  8 21:50:02 2023,1675882152,14.00,-12933.03
Wed Feb  8 21:50:13 2023,1675882207,1.01,2984.14
Wed Feb  8 21:50:54 2023,1675882218,6.20,-4055.25
Wed Feb  8 21:51:28 2023,1675882259,3.83,-1021.42
Wed Feb  8 21:51:58 2023,1675882306,1.47,2400.67
Wed Feb  8 21:52:19 2023,1675882323,1.79,3491.3
Wed Feb  8 21:52:38 2023,1675882344,1.68,3856.83
Wed Feb  8 21:52:54 2023,1675882363,1.35,3684.33
Wed Feb  8 21:53:25 2023,1675882379,3.24,-658.8
Wed Feb  8 21:53:51 2023,1675882410,2.67,1566.14
Wed Feb  8 21:54:12 2023,1675882437,1.85,2146.41
Wed Feb  8 21:54:40 2023,1675882458,2.74,1762.96
Wed Feb  8 21:55:09 2023,1675882486,2.80,1647.69
Wed Feb  8 21:55:24 2023,1675882514,1.34,1758.8
Wed Feb  8 21:55:43 2023,1675882529,1.63,1672.99
Wed Feb  8 21:56:26 2023,1675882548,7.07,-4778.23
Wed Feb  8 21:57:03 2023,1675882592,4.73,-1355.21
Wed Feb  8 21:57:18 2023,1675882628,1.34,1811.53
Wed Feb  8 21:57:50 2023,1675882644,3.46,-77.04
Wed Feb  8 21:58:09 2023,1675882676,1.68,1743.96
Wed Feb  8 21:58:21 2023,1675882695,1.01,3117.06
Wed Feb  8 21:59:04 2023,1675882706,7.27,-5269.34
Wed Feb  8 21:59:28 2023,1675882750,2.18,1850.09
Wed Feb  8 21:59:53 2023,1675882774,1.98,1913.22
Wed Feb  8 22:00:03 2023,1675882796,1.12,2590.73
Wed Feb  8 22:00:18 2023,1675882809,1.24,3318.2
Wed Feb  8 22:00:29 2023,1675882823,1.02,3445.0
Wed Feb  8 22:00:58 2023,1675882834,2.97,2803.5
Wed Feb  8 22:01:09 2023,1675882863,1.00,2097.46
Wed Feb  8 22:01:24 2023,1675882874,1.35,1679.0
Wed Feb  8 22:01:45 2023,1675882890,1.86,1880.63
Wed Feb  8 22:02:00 2023,1675882911,1.20,890.8
Wed Feb  8 22:02:19 2023,1675882925,1.69,1175.63
Wed Feb  8 22:02:42 2023,1675882944,2.05,1018.9
Wed Feb  8 22:02:54 2023,1675882967,1.08,1360.0
Wed Feb  8 22:03:19 2023,1675882979,2.23,874.13
Wed Feb  8 22:03:32 2023,1675883003,1.23,1700.0
Wed Feb  8 22:03:45 2023,1675883018,1.10,2430.0
Wed Feb  8 22:04:18 2023,1675883030,3.73,-1283.3
Wed Feb  8 22:05:28 2023,1675883063,35.66,-3983.18
Wed Feb  8 22:42:00 2023,1675885303,1.70,1126.0
Wed Feb  8 22:42:59 2023,1675885323,22.62,-10958.65
Wed Feb  8 22:43:19 2023,1675885385,1.73,1562.55
Wed Feb  8 22:43:36 2023,1675885405,1.36,1757.2
Wed Feb  8 22:43:46 2023,1675885421,1.01,2410.0
Wed Feb  8 22:44:07 2023,1675885432,1.78,1790.6
Wed Feb  8 22:44:17 2023,1675885453,1.00,2075.0
Wed Feb  8 22:44:36 2023,1675885463,1.63,1780.0
Wed Feb  8 22:44:56 2023,1675885482,1.68,2105.0
Wed Feb  8 22:45:08 2023,1675885502,1.05,3276.4
Wed Feb  8 22:45:22 2023,1675885513,1.24,3030.0
Wed Feb  8 22:45:33 2023,1675885528,1.00,2875.0
Wed Feb  8 22:46:03 2023,1675885539,3.26,1523.96
Wed Feb  8 22:46:36 2023,1675885569,3.75,1014.25
Wed Feb  8 22:46:47 2023,1675885602,1.02,1520.78
Wed Feb  8 22:47:39 2023,1675885613,11.99,-8270.85
Wed Feb  8 22:47:59 2023,1675885665,1.75,739.35
Wed Feb  8 22:48:45 2023,1675885685,8.03,-1482.55
Wed Feb  8 22:49:58 2023,1675885731,41.86,-9041.14
Wed Feb  8 22:50:13 2023,1675885804,1.33,1279.24
Wed Feb  8 22:50:28 2023,1675885820,1.23,1247.59
Wed Feb  8 22:50:46 2023,1675885834,1.55,1194.1
Wed Feb  8 22:51:20 2023,1675885852,3.72,1139.85
Wed Feb  8 22:51:32 2023,1675885885,1.20,1729.0
Wed Feb  8 22:51:45 2023,1675885898,1.08,1860.66
Wed Feb  8 22:52:08 2023,1675885911,2.06,1565.15
Wed Feb  8 22:52:45 2023,1675885933,4.16,728.2
Wed Feb  8 22:53:46 2023,1675886011,1.83,1260.0
Wed Feb  8 22:54:08 2023,1675886032,1.93,1222.84
Wed Feb  8 22:54:24 2023,1675886053,1.41,1342.24
Wed Feb  8 22:54:46 2023,1675886070,1.98,1305.0
Wed Feb  8 22:55:25 2023,1675886092,5.41,766.5
Wed Feb  8 22:55:54 2023,1675886131,2.93,1902.5
Wed Feb  8 22:56:08 2023,1675886160,1.26,2152.0
Wed Feb  8 22:56:30 2023,1675886174,1.90,855.3
Wed Feb  8 22:58:05 2023,1675886196,157.00,-4242.46
Wed Feb  8 22:58:27 2023,1675886291,1.86,795.51
Wed Feb  8 22:58:48 2023,1675886312,2.02,962.1
Wed Feb  8 22:59:19 2023,1675886335,3.23,932.9
Wed Feb  8 22:59:34 2023,1675886365,1.32,1650.0
Wed Feb  8 22:59:58 2023,1675886380,2.11,1620.0
Wed Feb  8 23:00:35 2023,1675886404,4.80,-456.99
Wed Feb  8 23:00:50 2023,1675886441,1.35,1740.0
Wed Feb  8 23:01:46 2023,1675886456,14.53,-9060.1
Wed Feb  8 23:01:59 2023,1675886512,1.19,3404.78
Wed Feb  8 23:02:11 2023,1675886525,1.07,1428.91
Wed Feb  8 23:02:28 2023,1675886537,1.43,824.0
Wed Feb  8 23:02:45 2023,1675886554,1.36,1627.75
Wed Feb  8 23:03:10 2023,1675886570,1.89,683.15
Wed Feb  8 23:03:22 2023,1675886592,1.37,1224.0
Wed Feb  8 23:03:34 2023,1675886608,1.00,1275.0
Wed Feb  8 23:04:01 2023,1675886618,2.83,767.6
Wed Feb  8 23:04:30 2023,1675886647,2.97,1338.8
Wed Feb  8 23:04:47 2023,1675886675,1.43,1607.0
Wed Feb  8 23:05:11 2023,1675886692,2.25,1355.45
Wed Feb  8 23:05:35 2023,1675886717,2.33,1500.08
Wed Feb  8 23:05:54 2023,1675886741,1.60,1895.83
Wed Feb  8 23:06:20 2023,1675886760,2.10,1621.63
Wed Feb  8 23:06:36 2023,1675886783,1.59,3307.7
Wed Feb  8 23:06:52 2023,1675886802,1.34,3274.4
Wed Feb  8 23:07:15 2023,1675886818,2.02,2410.3
Wed Feb  8 23:08:02 2023,1675886840,9.42,-8888.7
Wed Feb  8 23:08:15 2023,1675886888,1.09,1390.0
Wed Feb  8 23:08:57 2023,1675886900,5.99,-1711.5
Wed Feb  8 23:09:17 2023,1675886941,1.89,1154.1
Wed Feb  8 23:09:29 2023,1675886963,1.11,3495.0
Wed Feb  8 23:09:41 2023,1675886975,1.09,3385.63
Wed Feb  8 23:09:56 2023,1675886987,1.24,3534.0
Wed Feb  8 23:10:12 2023,1675887002,1.40,1285.0
Wed Feb  8 23:10:51 2023,1675887018,5.31,-2279.35
Wed Feb  8 23:11:37 2023,1675887057,7.30,-4987.9
Wed Feb  8 23:11:54 2023,1675887101,1.62,509.6
Wed Feb  8 23:13:34 2023,1675887120,212.42,-5077.6
Wed Feb  8 23:13:50 2023,1675887220,1.38,2256.6
Wed Feb  8 23:14:22 2023,1675887236,3.50,1921.17
Wed Feb  8 23:14:38 2023,1675887267,1.35,1054.0
Wed Feb  8 23:14:50 2023,1675887283,1.15,1076.5
Wed Feb  8 23:15:10 2023,1675887296,1.70,1088.7
Wed Feb  8 23:15:25 2023,1675887316,1.26,2525.4
Wed Feb  8 23:15:54 2023,1675887331,2.86,1254.4
Wed Feb  8 23:16:17 2023,1675887359,1.68,2244.1
Wed Feb  8 23:16:28 2023,1675887378,1.33,2809.7
Wed Feb  8 23:16:59 2023,1675887394,3.36,1750.5
Wed Feb  8 23:17:14 2023,1675887425,1.25,720.0
Wed Feb  8 23:17:48 2023,1675887440,3.78,46.9
Wed Feb  8 23:18:09 2023,1675887473,1.94,390.0
Wed Feb  8 23:18:20 2023,1675887494,1.08,2740.0
Wed Feb  8 23:19:38 2023,1675887506,54.45,-9855.25
Wed Feb  8 23:20:06 2023,1675887584,2.68,2066.45
Wed Feb  8 23:20:19 2023,1675887611,1.22,2070.95
Wed Feb  8 23:20:39 2023,1675887625,1.68,2194.0
Wed Feb  8 23:20:54 2023,1675887645,1.28,2186.7
Wed Feb  8 23:21:11 2023,1675887660,1.50,2176.4
Wed Feb  8 23:22:10 2023,1675887677,18.18,-4785.1
Wed Feb  8 23:22:28 2023,1675887736,1.50,1274.7
Wed Feb  8 23:22:42 2023,1675887754,1.22,1373.6
Wed Feb  8 23:22:59 2023,1675887768,1.38,1434.45
Wed Feb  8 23:23:25 2023,1675887784,2.49,2258.15
Wed Feb  8 23:23:56 2023,1675887810,3.46,1087.9
Wed Feb  8 23:24:08 2023,1675887842,1.07,1874.0
Wed Feb  8 23:24:35 2023,1675887854,2.65,1618.18
Wed Feb  8 23:25:12 2023,1675887881,4.65,-1331.58
Wed Feb  8 23:26:04 2023,1675887917,12.21,-7993.39
Wed Feb  8 23:26:17 2023,1675887970,1.16,3450.35
Wed Feb  8 23:26:45 2023,1675887983,2.78,3169.35
Wed Feb  8 23:27:25 2023,1675888011,5.67,482.7
Wed Feb  8 23:27:44 2023,1675888050,1.74,1970.59
Wed Feb  8 23:28:00 2023,1675888070,1.35,2566.19
Wed Feb  8 23:28:38 2023,1675888086,5.08,-761.2
Wed Feb  8 23:28:59 2023,1675888124,1.78,2310.41
Wed Feb  8 23:29:33 2023,1675888145,4.07,1952.02
Wed Feb  8 23:29:50 2023,1675888179,1.36,2057.0
Wed Feb  8 23:30:19 2023,1675888195,2.84,1935.44
Wed Feb  8 23:30:37 2023,1675888223,1.74,1205.4
Wed Feb  8 23:30:54 2023,1675888243,1.48,1155.9
Wed Feb  8 23:31:13 2023,1675888260,1.62,1227.6
Wed Feb  8 23:31:31 2023,1675888279,1.50,1939.4
Wed Feb  8 23:31:52 2023,1675888297,1.86,1897.5
Wed Feb  8 23:32:09 2023,1675888318,1.40,2050.0
Wed Feb  8 23:32:24 2023,1675888334,1.37,856.76
Wed Feb  8 23:32:36 2023,1675888350,1.00,1120.0
Wed Feb  8 23:33:09 2023,1675888361,3.96,652.6
Wed Feb  8 23:33:31 2023,1675888395,1.94,1610.0
Wed Feb  8 23:33:48 2023,1675888417,1.52,1435.0
Wed Feb  8 23:34:04 2023,1675888434,1.36,1767.9
Wed Feb  8 23:34:18 2023,1675888450,1.16,2452.9
Wed Feb  8 23:34:32 2023,1675888464,1.22,2687.9
Wed Feb  8 23:35:04 2023,1675888478,3.51,1479.73
Wed Feb  8 23:35:28 2023,1675888509,2.35,1961.65
Wed Feb  8 23:35:40 2023,1675888534,1.06,2039.5
Wed Feb  8 23:36:42 2023,1675888546,20.70,-9895.85
Wed Feb  8 23:37:03 2023,1675888608,1.89,2178.8
Wed Feb  8 23:37:29 2023,1675888629,2.52,1222.55
Wed Feb  8 23:38:08 2023,1675888655,4.98,-1015.55
Wed Feb  8 23:38:26 2023,1675888693,1.65,2608.5
Wed Feb  8 23:38:37 2023,1675888712,1.02,2610.0
Wed Feb  8 23:39:09 2023,1675888723,3.68,1008.8
Wed Feb  8 23:39:30 2023,1675888756,1.73,1842.36
Wed Feb  8 23:39:48 2023,1675888776,1.62,1395.5
Wed Feb  8 23:40:12 2023,1675888794,2.19,1473.12
Wed Feb  8 23:40:24 2023,1675888818,1.03,3687.12
Wed Feb  8 23:42:17 2023,1675888830,486.07,-23184.5
Wed Feb  8 23:42:31 2023,1675888943,1.16,1572.12
Wed Feb  8 23:43:31 2023,1675888957,19.50,-5072.27
Wed Feb  8 23:44:22 2023,1675889017,10.98,-13412.32
Wed Feb  8 23:44:39 2023,1675889068,1.45,1914.24
Wed Feb  8 23:44:57 2023,1675889085,1.53,1914.24
Wed Feb  8 23:45:12 2023,1675889103,1.31,2523.24
Wed Feb  8 23:45:25 2023,1675889118,1.16,2460.94
Wed Feb  8 23:45:48 2023,1675889131,2.01,2176.4
Wed Feb  8 23:46:40 2023,1675889154,11.86,-14414.9
Wed Feb  8 23:47:12 2023,1675889206,3.62,309.0
Wed Feb  8 23:47:42 2023,1675889238,3.18,757.97
Wed Feb  8 23:48:04 2023,1675889268,2.00,1834.0
Wed Feb  8 23:49:11 2023,1675889290,28.20,-7061.7
Wed Feb  8 23:49:54 2023,1675889357,6.81,-2896.6
Wed Feb  8 23:50:13 2023,1675889400,1.71,2289.1
Wed Feb  8 23:50:24 2023,1675889419,1.00,1165.0
Wed Feb  8 23:50:43 2023,1675889430,1.63,1605.0
Wed Feb  8 23:51:07 2023,1675889449,2.20,-112.0
Wed Feb  8 23:51:21 2023,1675889473,1.24,1293.0
Wed Feb  8 23:51:39 2023,1675889487,1.54,636.49
Wed Feb  8 23:52:15 2023,1675889505,4.46,-438.0
Wed Feb  8 23:52:40 2023,1675889541,2.32,867.3
Wed Feb  8 23:53:18 2023,1675889566,5.16,-963.5
Wed Feb  8 23:54:17 2023,1675889604,17.72,-6618.1
Wed Feb  8 23:54:35 2023,1675889663,1.54,1696.0
Wed Feb  8 23:55:07 2023,1675889681,3.67,-1217.5
Wed Feb  8 23:55:39 2023,1675889713,3.36,2235.8
Wed Feb  8 23:56:18 2023,1675889744,5.66,-2667.8
Wed Feb  8 23:56:43 2023,1675889784,2.31,1189.0
Wed Feb  8 23:58:23 2023,1675889809,209.98,-8217.8
Wed Feb  8 23:59:05 2023,1675889909,6.65,-5029.0
Wed Feb  8 23:59:32 2023,1675889951,2.70,1141.3
Wed Feb  8 23:59:46 2023,1675889978,1.20,2250.0
Thu Feb  9 00:00:01 2023,1675889992,1.24,2200.0
Thu Feb  9 00:01:28 2023,1675890007,98.89,-4593.0
Thu Feb  9 00:01:40 2023,1675890094,1.07,2203.0
Thu Feb  9 00:02:02 2023,1675890106,1.91,2078.8
Thu Feb  9 00:02:12 2023,1675890128,1.01,1570.0
Thu Feb  9 00:02:45 2023,1675890139,1.72,1558.0
Thu Feb  9 00:02:56 2023,1675890158,2.15,1745.3
Thu Feb  9 00:03:28 2023,1675890182,3.64,-244.5
Thu Feb  9 00:03:39 2023,1675890214,1.02,1717.0
Thu Feb  9 00:04:06 2023,1675890225,2.50,100.8
Thu Feb  9 00:04:39 2023,1675890252,4.00,-440.4
Thu Feb  9 00:04:52 2023,1675890285,1.07,3943.7
Thu Feb  9 00:05:17 2023,1675890297,2.48,3634.4
Thu Feb  9 00:05:43 2023,1675890323,2.42,2064.0
Thu Feb  9 00:05:54 2023,1675890349,1.01,2607.0
Thu Feb  9 00:07:33 2023,1675890360,203.26,-17945.9
Thu Feb  9 00:07:47 2023,1675890459,1.18,3380.5
Thu Feb  9 00:07:58 2023,1675890473,1.01,3484.2
Thu Feb  9 00:08:25 2023,1675890484,2.74,-70.9
Thu Feb  9 00:08:48 2023,1675890511,2.02,1007.9
Thu Feb  9 00:09:09 2023,1675890534,1.89,2425.5
Thu Feb  9 00:09:59 2023,1675890555,10.66,-11678.68
Thu Feb  9 00:10:12 2023,1675890606,1.08,1815.0
Thu Feb  9 00:11:00 2023,1675890618,9.74,-8176.83
Thu Feb  9 00:11:30 2023,1675890666,2.61,2370.3
Thu Feb  9 00:11:41 2023,1675890693,1.15,2610.48
Thu Feb  9 00:11:51 2023,1675890706,1.00,2561.0
Thu Feb  9 00:12:17 2023,1675890717,2.47,1172.12
Thu Feb  9 00:12:37 2023,1675890743,1.79,2110.45
Thu Feb  9 00:12:50 2023,1675890764,1.10,1325.58
Thu Feb  9 00:13:23 2023,1675890776,3.77,-753.58
Thu Feb  9 00:13:44 2023,1675890809,1.89,960.7
Thu Feb  9 00:13:55 2023,1675890830,1.00,1645.0
Thu Feb  9 00:14:12 2023,1675890841,1.44,1232.0
Thu Feb  9 00:15:09 2023,1675890858,15.94,-5256.86
Thu Feb  9 00:15:23 2023,1675890915,1.23,935.62
Thu Feb  9 00:15:34 2023,1675890929,1.01,1095.0
Thu Feb  9 00:16:10 2023,1675890940,4.56,396.5
Thu Feb  9 00:16:21 2023,1675890976,1.00,1832.0
Thu Feb  9 00:18:07 2023,1675890987,303.80,-7837.4
Thu Feb  9 00:18:18 2023,1675891093,1.00,3188.0
Thu Feb  9 00:18:54 2023,1675891104,4.71,-3453.28
Thu Feb  9 00:19:20 2023,1675891141,2.40,2552.55
Thu Feb  9 00:19:48 2023,1675891166,2.76,2984.11
Thu Feb  9 00:19:59 2023,1675891194,1.00,2817.0
Thu Feb  9 00:20:42 2023,1675891204,7.39,-8320.4
Thu Feb  9 00:20:54 2023,1675891249,1.02,2760.25
Thu Feb  9 00:21:09 2023,1675891260,1.32,2240.0
Thu Feb  9 00:21:30 2023,1675891275,1.86,3130.0
Thu Feb  9 00:21:52 2023,1675891296,1.90,3716.0
Thu Feb  9 00:22:11 2023,1675891318,1.68,3560.0
Thu Feb  9 00:22:26 2023,1675891337,1.26,3375.0
Thu Feb  9 00:23:12 2023,1675891352,8.11,-10241.6
Thu Feb  9 00:23:23 2023,1675891398,1.02,3150.5
Thu Feb  9 00:23:34 2023,1675891409,1.01,3050.0
Thu Feb  9 00:24:08 2023,1675891420,4.01,626.8
Thu Feb  9 00:24:19 2023,1675891454,1.03,1335.0
Thu Feb  9 00:24:35 2023,1675891465,1.36,1329.0
Thu Feb  9 00:25:01 2023,1675891481,2.53,1144.6
Thu Feb  9 00:25:56 2023,1675891507,14.03,-6837.9
Thu Feb  9 00:26:15 2023,1675891562,1.62,843.35
Thu Feb  9 00:27:12 2023,1675891581,15.63,-2569.25
Thu Feb  9 00:27:23 2023,1675891638,1.02,1713.0
Thu Feb  9 00:27:41 2023,1675891649,1.59,1694.0
Thu Feb  9 00:28:00 2023,1675891667,1.59,1962.7
Thu Feb  9 00:28:35 2023,1675891686,4.23,531.3
Thu Feb  9 00:29:39 2023,1675891721,25.76,-5018.1
Thu Feb  9 00:30:05 2023,1675891786,2.40,1652.69
Thu Feb  9 00:30:32 2023,1675891811,2.64,1466.54
Thu Feb  9 00:30:56 2023,1675891838,2.18,1867.2
Thu Feb  9 00:31:15 2023,1675891862,1.68,3450.0
Thu Feb  9 00:31:40 2023,1675891881,2.28,1195.0
Thu Feb  9 00:31:51 2023,1675891906,1.03,2971.0
Thu Feb  9 00:32:06 2023,1675891917,1.30,1897.0
Thu Feb  9 00:32:30 2023,1675891932,2.24,416.43
Thu Feb  9 00:33:05 2023,1675891957,4.13,315.0
Thu Feb  9 00:33:56 2023,1675891991,11.16,-5062.18
Thu Feb  9 00:34:13 2023,1675892042,1.49,2231.0
Thu Feb  9 00:35:03 2023,1675892059,10.05,-8518.27
Thu Feb  9 00:36:00 2023,1675892109,16.28,-5750.58
Thu Feb  9 00:36:20 2023,1675892166,1.78,2791.0
Thu Feb  9 00:36:35 2023,1675892186,1.25,2871.47
Thu Feb  9 00:37:08 2023,1675892201,3.75,1641.57
Thu Feb  9 00:37:27 2023,1675892234,1.63,3650.15
Thu Feb  9 00:37:44 2023,1675892253,1.53,3990.0
Thu Feb  9 00:38:04 2023,1675892271,1.72,3940.0
Thu Feb  9 00:38:18 2023,1675892290,1.22,3491.0
Thu Feb  9 00:38:33 2023,1675892305,1.25,2501.0
Thu Feb  9 00:39:13 2023,1675892319,5.90,-1541.12
Thu Feb  9 00:39:24 2023,1675892359,1.00,2355.0
Thu Feb  9 00:39:41 2023,1675892370,1.48,2139.0
Thu Feb  9 00:39:53 2023,1675892388,1.06,2426.0
Thu Feb  9 00:40:19 2023,1675892399,2.51,2239.0
Thu Feb  9 00:40:47 2023,1675892426,2.77,1440.4
Thu Feb  9 00:41:28 2023,1675892453,5.97,-3095.99
Thu Feb  9 00:41:49 2023,1675892494,1.85,1442.2
Thu Feb  9 00:42:31 2023,1675892515,6.40,-1361.58
Thu Feb  9 00:42:53 2023,1675892557,1.96,3173.6
Thu Feb  9 00:43:10 2023,1675892579,1.47,3120.8
Thu Feb  9 00:43:52 2023,1675892596,6.52,-5214.28
Thu Feb  9 00:44:13 2023,1675892638,1.86,2741.2
Thu Feb  9 00:44:38 2023,1675892659,2.37,1821.0
Thu Feb  9 00:45:02 2023,1675892684,2.17,2013.46
Thu Feb  9 00:45:33 2023,1675892708,3.29,502.0
Thu Feb  9 00:46:14 2023,1675892739,6.30,-1190.3
Thu Feb  9 00:47:07 2023,1675892780,12.91,-8029.37
Thu Feb  9 00:47:28 2023,1675892834,1.76,1206.0
Thu Feb  9 00:47:39 2023,1675892854,1.05,1633.04
Thu Feb  9 00:48:05 2023,1675892865,2.48,377.2
Thu Feb  9 00:48:29 2023,1675892891,2.21,1298.5
Thu Feb  9 00:48:42 2023,1675892915,1.12,2121.8
Thu Feb  9 00:49:07 2023,1675892928,2.43,1689.3
Thu Feb  9 00:49:43 2023,1675892954,4.46,1055.5
Thu Feb  9 00:50:02 2023,1675892989,1.64,2360.0
Thu Feb  9 00:50:34 2023,1675893009,3.42,-21.1
Thu Feb  9 00:51:04 2023,1675893040,3.31,1379.69
Thu Feb  9 00:51:22 2023,1675893071,1.53,1562.0
Thu Feb  9 00:51:46 2023,1675893088,2.20,1331.72
Thu Feb  9 00:52:09 2023,1675893112,2.04,1790.0
Thu Feb  9 00:52:53 2023,1675893135,7.18,-1129.9
Thu Feb  9 00:53:13 2023,1675893179,1.82,2134.51
Thu Feb  9 00:53:40 2023,1675893200,2.57,516.15
Thu Feb  9 00:54:03 2023,1675893226,2.05,2427.7
Thu Feb  9 00:54:22 2023,1675893249,1.65,1791.49
Thu Feb  9 00:54:41 2023,1675893268,1.64,1977.58
Thu Feb  9 00:55:02 2023,1675893287,1.84,1850.0
Thu Feb  9 00:55:21 2023,1675893308,1.66,3545.25
Thu Feb  9 00:55:40 2023,1675893327,1.67,2880.96
Thu Feb  9 00:55:51 2023,1675893347,1.00,2920.48
Thu Feb  9 00:56:46 2023,1675893357,13.60,-17288.66
Thu Feb  9 00:56:59 2023,1675893412,1.20,3157.96
Thu Feb  9 00:57:14 2023,1675893426,1.26,1898.96
Thu Feb  9 00:57:58 2023,1675893440,7.30,-4135.22
Thu Feb  9 00:58:11 2023,1675893484,1.13,2655.21
Thu Feb  9 00:59:37 2023,1675893497,94.32,-14314.24
Thu Feb  9 00:59:49 2023,1675893584,1.03,1874.96
Thu Feb  9 01:00:10 2023,1675893595,1.94,2335.96
Thu Feb  9 01:01:35 2023,1675893617,80.87,-13100.8
Thu Feb  9 01:02:05 2023,1675893701,3.04,2225.96
Thu Feb  9 01:02:28 2023,1675893730,2.15,2940.1
Thu Feb  9 01:02:38 2023,1675893754,1.00,3255.96
Thu Feb  9 01:03:07 2023,1675893764,2.99,1511.92
Thu Feb  9 01:03:18 2023,1675893794,1.00,3211.92
Thu Feb  9 01:03:59 2023,1675893804,6.17,-1656.83
Thu Feb  9 01:04:33 2023,1675893845,3.91,924.82
Thu Feb  9 01:05:09 2023,1675893879,4.75,572.9
Thu Feb  9 01:06:04 2023,1675893916,13.81,-17309.68
Thu Feb  9 01:06:16 2023,1675893970,1.07,2441.92
Thu Feb  9 01:06:57 2023,1675893982,6.09,-876.28
Thu Feb  9 01:07:19 2023,1675894023,1.86,1255.16
Thu Feb  9 01:08:19 2023,1675894044,19.93,-4490.0
Thu Feb  9 01:09:00 2023,1675894105,6.09,-2921.22
Thu Feb  9 01:09:13 2023,1675894146,1.16,1853.84
Thu Feb  9 01:09:26 2023,1675894159,1.15,1915.55
Thu Feb  9 01:10:08 2023,1675894172,6.62,-2434.5
Thu Feb  9 01:10:32 2023,1675894215,2.16,1218.77
Thu Feb  9 01:10:45 2023,1675894238,1.15,1333.24
Thu Feb  9 01:11:42 2023,1675894251,15.88,-6961.4
Thu Feb  9 01:12:00 2023,1675894308,1.50,1415.5
Thu Feb  9 01:12:12 2023,1675894326,1.13,2551.27
Thu Feb  9 01:12:39 2023,1675894339,2.61,2462.24
Thu Feb  9 01:13:02 2023,1675894365,2.12,2541.66
Thu Feb  9 01:13:18 2023,1675894389,1.29,2808.99
Thu Feb  9 01:13:53 2023,1675894404,4.43,1249.71
Thu Feb  9 01:14:05 2023,1675894439,1.08,2993.84
Thu Feb  9 01:14:38 2023,1675894452,3.64,1504.64
Thu Feb  9 01:15:13 2023,1675894484,4.41,-724.59
Thu Feb  9 01:15:57 2023,1675894519,7.27,-3514.5
Thu Feb  9 01:16:10 2023,1675894563,1.08,1851.17
Thu Feb  9 01:16:29 2023,1675894575,1.72,2270.58
Thu Feb  9 01:16:49 2023,1675894595,1.79,1986.92
