Sun Feb  5 11:47:21 2023,1675586793,4.27,-1706.88
Sun Feb  5 11:47:21 2023,1675586828,1.61,1689.54
Sun Feb  5 11:47:36 2023,1675586847,1.17,1672.0
Sun Feb  5 11:47:47 2023,1675586861,1.07,1670.0
Sun Feb  5 11:48:17 2023,1675586872,3.27,-675.76
Sun Feb  5 11:48:47 2023,1675586903,2.96,1790.0
Sun Feb  5 11:49:22 2023,1675586932,4.61,-979.71
Sun Feb  5 11:49:46 2023,1675586968,2.10,2014.87
Sun Feb  5 11:50:02 2023,1675586991,1.39,2109.39
Sun Feb  5 11:50:18 2023,1675587008,1.37,1611.7
Sun Feb  5 11:50:29 2023,1675587024,1.00,1812.0
Sun Feb  5 11:50:56 2023,1675587034,2.67,1535.8
Sun Feb  5 11:51:09 2023,1675587061,1.13,2594.6
Sun Feb  5 11:51:53 2023,1675587074,7.41,-834.8
Sun Feb  5 11:52:18 2023,1675587118,2.39,591.3
Sun Feb  5 11:52:29 2023,1675587144,1.00,2865.2
Sun Feb  5 11:53:44 2023,1675587155,46.67,-16818.11
Sun Feb  5 11:54:09 2023,1675587229,2.33,2227.94
Sun Feb  5 11:54:19 2023,1675587254,1.00,1704.21
Sun Feb  5 11:54:49 2023,1675587265,3.16,893.21
Sun Feb  5 11:55:13 2023,1675587295,2.13,808.75
Sun Feb  5 11:55:23 2023,1675587318,1.00,1247.31
Sun Feb  5 11:55:51 2023,1675587329,2.70,620.15
Sun Feb  5 11:56:13 2023,1675587356,2.01,677.12
Sun Feb  5 11:56:33 2023,1675587379,1.76,2018.0
Sun Feb  5 11:56:46 2023,1675587399,1.08,3076.52
Sun Feb  5 11:57:53 2023,1675587411,29.51,-11522.14
Sun Feb  5 11:58:33 2023,1675587478,6.04,-4511.58
Sun Feb  5 11:59:01 2023,1675587519,2.62,-415.79
Sun Feb  5 11:59:13 2023,1675587546,1.15,1856.37
Sun Feb  5 11:59:39 2023,1675587559,2.40,334.86
Sun Feb  5 12:00:02 2023,1675587584,2.05,1477.38
Sun Feb  5 12:00:18 2023,1675587607,1.34,3636.15
Sun Feb  5 12:00:31 2023,1675587623,1.17,2532.15
Sun Feb  5 12:00:46 2023,1675587636,1.33,2306.0
Sun Feb  5 12:01:03 2023,1675587652,1.41,2351.0
Sun Feb  5 12:01:25 2023,1675587668,2.04,1520.0
Sun Feb  5 12:01:43 2023,1675587691,1.55,1635.0
Sun Feb  5 12:01:56 2023,1675587709,1.10,1695.0
Sun Feb  5 12:02:10 2023,1675587721,1.19,2100.0
Sun Feb  5 12:02:27 2023,1675587735,1.33,2200.0
Sun Feb  5 12:02:41 2023,1675587751,1.35,2197.5
Sun Feb  5 12:02:55 2023,1675587766,1.23,2100.0
Sun Feb  5 12:03:26 2023,1675587781,3.38,1229.5
Sun Feb  5 12:03:39 2023,1675587812,1.13,951.0
Sun Feb  5 12:03:51 2023,1675587824,1.09,943.0
Sun Feb  5 12:04:19 2023,1675587837,2.82,480.0
Sun Feb  5 12:06:12 2023,1675587865,454.48,-3770.0
Sun Feb  5 12:06:33 2023,1675587977,1.93,2038.0
Sun Feb  5 12:06:51 2023,1675587999,1.44,2732.5
Sun Feb  5 12:07:08 2023,1675588016,1.52,2456.0
Sun Feb  5 12:07:44 2023,1675588034,4.50,-224.65
Sun Feb  5 12:08:16 2023,1675588070,3.69,-301.61
Sun Feb  5 12:09:01 2023,1675588102,7.50,-6485.15
Sun Feb  5 12:09:13 2023,1675588147,1.06,1601.21
Sun Feb  5 12:09:48 2023,1675588158,4.32,1359.44
Sun Feb  5 12:10:00 2023,1675588193,1.11,1542.21
Sun Feb  5 12:10:23 2023,1675588206,2.03,3112.54
Sun Feb  5 12:11:07 2023,1675588229,7.35,-6362.28
Sun Feb  5 12:11:33 2023,1675588273,2.54,1098.66
Sun Feb  5 12:12:02 2023,1675588299,2.87,1096.17
Sun Feb  5 12:12:23 2023,1675588327,1.83,2247.87
Sun Feb  5 12:12:55 2023,1675588348,3.59,2060.2
Sun Feb  5 12:13:15 2023,1675588380,1.78,2274.08
Sun Feb  5 12:13:33 2023,1675588401,1.61,1957.75
Sun Feb  5 12:14:17 2023,1675588419,7.14,-5513.6
Sun Feb  5 12:14:33 2023,1675588463,1.39,1777.68
Sun Feb  5 12:14:49 2023,1675588479,1.38,1699.4
Sun Feb  5 12:15:07 2023,1675588495,1.46,0
Sun Feb  5 12:15:22 2023,1675588512,1.30,1685.15
Sun Feb  5 12:15:43 2023,1675588527,1.87,1739.29
Sun Feb  5 12:16:01 2023,1675588549,1.58,1543.84
Sun Feb  5 12:17:29 2023,1675588567,101.08,-9603.89
Sun Feb  5 12:17:58 2023,1675588655,3.06,-249.43
Sun Feb  5 12:18:14 2023,1675588684,1.34,1236.21
Sun Feb  5 12:18:34 2023,1675588700,1.72,1282.09
Sun Feb  5 12:19:21 2023,1675588720,8.54,-4544.21
Sun Feb  5 12:20:07 2023,1675588766,8.80,-9080.93
Sun Feb  5 12:20:23 2023,1675588813,1.26,3930.69
Sun Feb  5 12:20:53 2023,1675588828,3.30,1270.75
Sun Feb  5 12:21:20 2023,1675588858,2.68,1292.77
Sun Feb  5 12:21:50 2023,1675588886,3.21,1922.92
Sun Feb  5 12:22:18 2023,1675588916,2.80,1793.64
Sun Feb  5 12:22:32 2023,1675588944,1.19,2671.19
Sun Feb  5 12:22:44 2023,1675588957,1.07,2231.07
Sun Feb  5 12:23:07 2023,1675588969,2.13,2140.52
Sun Feb  5 12:23:32 2023,1675588993,2.32,1571.86
Sun Feb  5 12:23:58 2023,1675589018,2.52,1610.02
Sun Feb  5 12:24:19 2023,1675589044,1.87,3153.57
Sun Feb  5 12:24:30 2023,1675589065,1.03,3379.76
Sun Feb  5 12:24:41 2023,1675589076,1.01,3307.0
Sun Feb  5 12:25:04 2023,1675589087,1.98,3301.15
Sun Feb  5 12:25:21 2023,1675589109,1.45,2308.99
Sun Feb  5 12:25:36 2023,1675589126,1.30,2146.69
Sun Feb  5 12:26:21 2023,1675589141,7.62,-4084.2
Sun Feb  5 12:26:37 2023,1675589186,1.35,2505.5
Sun Feb  5 12:27:44 2023,1675589202,30.98,-14481.0
Sun Feb  5 12:28:13 2023,1675589270,2.93,1940.46
Sun Feb  5 12:28:34 2023,1675589299,1.79,1751.89
Sun Feb  5 12:28:45 2023,1675589319,1.02,2405.0
Sun Feb  5 12:29:07 2023,1675589330,1.99,1785.24
Sun Feb  5 12:29:26 2023,1675589352,1.65,1717.4
Sun Feb  5 12:29:48 2023,1675589372,1.91,1709.2
Sun Feb  5 12:30:16 2023,1675589393,2.91,217.4
Sun Feb  5 12:30:31 2023,1675589422,1.27,1464.1
Sun Feb  5 12:30:45 2023,1675589436,1.17,1369.8
Sun Feb  5 12:31:11 2023,1675589450,2.54,1289.1
Sun Feb  5 12:31:23 2023,1675589476,1.13,1842.0
Sun Feb  5 12:31:36 2023,1675589489,1.11,2022.0
Sun Feb  5 12:31:47 2023,1675589501,1.05,1991.0
Sun Feb  5 12:32:36 2023,1675589513,9.58,-10240.06
Sun Feb  5 12:33:19 2023,1675589561,6.80,-31.13
Sun Feb  5 12:33:46 2023,1675589604,2.67,2274.14
Sun Feb  5 12:34:00 2023,1675589631,1.27,2573.76
Sun Feb  5 12:34:13 2023,1675589646,1.07,2050.76
Sun Feb  5 12:34:34 2023,1675589658,1.96,2864.07
Sun Feb  5 12:34:50 2023,1675589680,1.29,2207.28
Sun Feb  5 12:35:16 2023,1675589695,2.54,1007.6
Sun Feb  5 12:35:37 2023,1675589721,1.64,3200.0
Sun Feb  5 12:35:50 2023,1675589740,1.35,2178.0
Sun Feb  5 12:36:13 2023,1675589756,2.06,1190.0
Sun Feb  5 12:36:29 2023,1675589779,1.35,1253.0
Sun Feb  5 12:36:48 2023,1675589795,1.58,862.94
Sun Feb  5 12:37:50 2023,1675589813,21.97,-5248.6
Sun Feb  5 12:38:03 2023,1675589875,1.20,1445.0
Sun Feb  5 12:38:43 2023,1675589889,5.79,46.4
Sun Feb  5 12:39:05 2023,1675589929,1.80,1143.0
Sun Feb  5 12:39:54 2023,1675589950,10.93,-5921.8
Sun Feb  5 12:40:21 2023,1675590000,2.45,500.6
Sun Feb  5 12:40:45 2023,1675590026,2.34,1755.0
Sun Feb  5 12:41:07 2023,1675590051,1.95,1695.0
Sun Feb  5 12:41:31 2023,1675590073,2.16,1266.25
Sun Feb  5 12:41:42 2023,1675590096,1.00,1559.8
Sun Feb  5 12:42:24 2023,1675590107,6.74,-3270.17
Sun Feb  5 12:42:52 2023,1675590150,2.79,-55.05
Sun Feb  5 12:43:20 2023,1675590178,2.77,21.22
Sun Feb  5 12:44:07 2023,1675590205,8.51,-2830.36
Sun Feb  5 12:44:27 2023,1675590252,1.76,1519.45
Sun Feb  5 12:45:27 2023,1675590272,19.81,-8054.68
Sun Feb  5 12:46:11 2023,1675590333,7.22,-3622.49
Sun Feb  5 12:46:35 2023,1675590376,2.19,1294.49
Sun Feb  5 12:46:49 2023,1675590400,1.23,2922.0
Sun Feb  5 12:47:01 2023,1675590414,1.10,3120.0
Sun Feb  5 12:47:23 2023,1675590427,1.93,2673.8
Sun Feb  5 12:47:42 2023,1675590448,1.66,2691.04
Sun Feb  5 12:48:18 2023,1675590468,4.58,165.27
Sun Feb  5 12:48:44 2023,1675590504,2.40,587.04
Sun Feb  5 12:49:03 2023,1675590529,1.69,837.6
Sun Feb  5 12:49:41 2023,1675590549,5.30,785.8
Sun Feb  5 12:50:09 2023,1675590587,2.80,769.9
Sun Feb  5 12:50:45 2023,1675590615,4.39,-89.7
Sun Feb  5 12:51:26 2023,1675590651,5.80,-2500.88
Sun Feb  5 12:51:43 2023,1675590691,1.43,2315.44
Sun Feb  5 12:52:11 2023,1675590707,3.01,1208.86
Sun Feb  5 12:52:29 2023,1675590737,1.52,1928.21
Sun Feb  5 12:52:41 2023,1675590754,1.12,2947.0
Sun Feb  5 12:53:24 2023,1675590767,6.98,-4301.82
Sun Feb  5 12:53:57 2023,1675590810,3.73,-1006.03
Sun Feb  5 12:54:12 2023,1675590843,1.27,1880.6
Sun Feb  5 12:54:25 2023,1675590858,1.12,2191.5
Sun Feb  5 12:54:37 2023,1675590870,1.07,2190.0
Sun Feb  5 12:54:54 2023,1675590882,1.53,3095.0
Sun Feb  5 12:55:48 2023,1675590900,13.02,-9913.0
Sun Feb  5 12:56:00 2023,1675590954,1.00,2276.0
Sun Feb  5 12:56:17 2023,1675590964,1.54,1940.0
Sun Feb  5 12:56:30 2023,1675590982,1.12,2229.8
Sun Feb  5 12:56:52 2023,1675590995,1.99,1233.6
Sun Feb  5 12:57:07 2023,1675591017,1.30,1769.3
Sun Feb  5 12:57:17 2023,1675591032,1.00,1026.0
Sun Feb  5 12:57:49 2023,1675591043,3.48,-533.66
Sun Feb  5 12:58:05 2023,1675591075,1.36,628.1
Sun Feb  5 12:58:19 2023,1675591090,1.21,1796.82
Sun Feb  5 12:59:38 2023,1675591104,59.71,-11216.73
Sun Feb  5 12:59:54 2023,1675591183,1.30,1282.0
Sun Feb  5 13:00:42 2023,1675591198,9.83,-6266.17
Sun Feb  5 13:00:54 2023,1675591247,1.06,2160.0
Sun Feb  5 13:01:11 2023,1675591259,1.47,1939.45
Sun Feb  5 13:01:27 2023,1675591276,1.35,2953.79
Sun Feb  5 13:01:39 2023,1675591292,1.06,3149.94
Sun Feb  5 13:01:52 2023,1675591304,1.21,3054.84
Sun Feb  5 13:02:06 2023,1675591318,1.20,2982.1
Sun Feb  5 13:02:38 2023,1675591332,3.46,-363.6
Sun Feb  5 13:03:01 2023,1675591363,2.11,1085.73
Sun Feb  5 13:03:15 2023,1675591386,1.17,2385.0
Sun Feb  5 13:03:37 2023,1675591400,1.91,2299.69
Sun Feb  5 13:04:06 2023,1675591421,3.23,1446.9
Sun Feb  5 13:04:33 2023,1675591452,2.72,675.46
Sun Feb  5 13:04:44 2023,1675591479,1.00,1674.0
Sun Feb  5 13:05:24 2023,1675591490,5.84,707.9
Sun Feb  5 13:05:39 2023,1675591530,1.26,2830.0
Sun Feb  5 13:05:59 2023,1675591545,1.75,1429.95
Sun Feb  5 13:06:32 2023,1675591565,3.71,-78.69
Sun Feb  5 13:07:02 2023,1675591597,3.34,-67.24
Sun Feb  5 13:07:15 2023,1675591628,1.11,1371.0
Sun Feb  5 13:07:51 2023,1675591641,4.59,-2055.97
Sun Feb  5 13:08:17 2023,1675591677,2.43,175.52
Sun Feb  5 13:08:31 2023,1675591702,1.22,1632.71
Sun Feb  5 13:09:16 2023,1675591716,7.74,-4096.6
Sun Feb  5 13:09:27 2023,1675591761,1.00,1681.57
Sun Feb  5 13:09:40 2023,1675591772,1.21,1690.0
Sun Feb  5 13:09:55 2023,1675591786,1.27,1660.6
Sun Feb  5 13:10:15 2023,1675591801,1.70,1620.0
Sun Feb  5 13:11:50 2023,1675591820,158.03,-16466.25
Sun Feb  5 13:13:06 2023,1675591916,45.74,-12710.5
Sun Feb  5 13:13:24 2023,1675591990,1.68,910.05
Sun Feb  5 13:14:52 2023,1675592009,101.77,-6237.89
Sun Feb  5 13:15:05 2023,1675592097,1.17,1222.0
Sun Feb  5 13:15:18 2023,1675592111,1.15,1765.0
Sun Feb  5 13:15:38 2023,1675592124,1.74,1510.0
Sun Feb  5 13:16:12 2023,1675592144,3.95,-1326.5
Sun Feb  5 13:16:24 2023,1675592177,1.02,3053.0
Sun Feb  5 13:16:56 2023,1675592189,3.74,2542.2
Sun Feb  5 13:17:10 2023,1675592221,1.21,1970.0
Sun Feb  5 13:17:44 2023,1675592235,3.84,-1137.3
Sun Feb  5 13:18:07 2023,1675592268,2.16,1610.8
Sun Feb  5 13:18:25 2023,1675592292,1.44,2778.4
Sun Feb  5 13:19:33 2023,1675592309,32.11,-13141.64
Sun Feb  5 13:20:15 2023,1675592378,6.63,-3553.93
Sun Feb  5 13:20:29 2023,1675592420,1.24,2339.9
Sun Feb  5 13:20:41 2023,1675592434,1.11,2183.0
Sun Feb  5 13:21:11 2023,1675592447,3.11,1754.25
Sun Feb  5 13:21:29 2023,1675592476,1.41,2480.76
Sun Feb  5 13:21:51 2023,1675592493,2.05,2350.55
Sun Feb  5 13:22:07 2023,1675592516,1.41,2464.6
Sun Feb  5 13:22:24 2023,1675592532,1.39,1980.0
Sun Feb  5 13:23:07 2023,1675592548,7.26,-6527.7
Sun Feb  5 13:23:32 2023,1675592592,2.41,1927.2
Sun Feb  5 13:23:47 2023,1675592618,1.25,1849.0
Sun Feb  5 13:24:11 2023,1675592632,2.24,1759.8
Sun Feb  5 13:24:26 2023,1675592656,1.29,1539.1
Sun Feb  5 13:24:39 2023,1675592671,1.13,1561.0
Sun Feb  5 13:24:54 2023,1675592684,1.31,1491.5
Sun Feb  5 13:25:19 2023,1675592700,2.24,1392.0
Sun Feb  5 13:25:33 2023,1675592724,1.24,1775.0
Sun Feb  5 13:25:51 2023,1675592738,1.55,1716.4
Sun Feb  5 13:26:46 2023,1675592756,13.97,-7759.7
Sun Feb  5 13:27:04 2023,1675592811,1.50,1145.2
Sun Feb  5 13:27:15 2023,1675592828,1.00,2705.0
Sun Feb  5 13:28:18 2023,1675592839,24.45,-14834.6
Sun Feb  5 13:28:36 2023,1675592903,1.51,1271.8
Sun Feb  5 13:28:48 2023,1675592921,1.08,1774.0
Sun Feb  5 13:29:29 2023,1675592933,6.42,-2424.1
Sun Feb  5 13:30:14 2023,1675592975,7.55,-1453.7
Sun Feb  5 13:31:03 2023,1675593019,10.35,-2394.1
Sun Feb  5 13:31:20 2023,1675593069,1.27,1892.0
Sun Feb  5 13:32:00 2023,1675593084,6.39,-3560.2
Sun Feb  5 13:32:46 2023,1675593125,8.63,-6126.8
Sun Feb  5 13:33:05 2023,1675593172,1.54,2704.0
Sun Feb  5 13:33:32 2023,1675593190,2.41,1892.8
Sun Feb  5 13:34:14 2023,1675593215,7.58,-4429.62
Sun Feb  5 13:34:43 2023,1675593260,2.92,1226.8
Sun Feb  5 13:35:09 2023,1675593289,2.47,1047.0
Sun Feb  5 13:35:23 2023,1675593314,1.20,2302.0
Sun Feb  5 13:35:41 2023,1675593328,1.49,2185.0
Sun Feb  5 13:37:25 2023,1675593346,273.49,-9980.7
Sun Feb  5 13:37:36 2023,1675593450,1.03,1780.0
Sun Feb  5 13:37:51 2023,1675593461,1.16,1681.95
Sun Feb  5 13:38:28 2023,1675593474,5.55,1408.34
Sun Feb  5 13:38:42 2023,1675593514,1.18,1717.0
Sun Feb  5 13:39:01 2023,1675593527,1.64,898.05
Sun Feb  5 13:39:41 2023,1675593546,5.77,-2713.24
Sun Feb  5 13:40:18 2023,1675593586,5.00,-1541.68
Sun Feb  5 13:41:23 2023,1675593624,24.98,-13009.37
Sun Feb  5 13:41:45 2023,1675593688,2.02,1414.5
Sun Feb  5 13:42:08 2023,1675593711,2.08,1285.4
Sun Feb  5 13:42:25 2023,1675593734,1.45,911.0
Sun Feb  5 13:42:50 2023,1675593751,2.32,758.69
Sun Feb  5 13:43:10 2023,1675593776,1.80,847.4
Sun Feb  5 13:44:05 2023,1675593796,13.08,-11415.75
Sun Feb  5 13:44:35 2023,1675593850,3.39,733.6
Sun Feb  5 13:46:15 2023,1675593881,195.17,-8252.47
Sun Feb  5 13:46:51 2023,1675593980,4.71,-714.39
Sun Feb  5 13:47:37 2023,1675594016,8.41,-3242.2
Sun Feb  5 13:47:58 2023,1675594063,1.86,1965.68
Sun Feb  5 13:48:45 2023,1675594084,8.93,-12286.41
Sun Feb  5 13:49:31 2023,1675594131,7.87,-8479.4
Sun Feb  5 13:49:51 2023,1675594176,1.76,4085.0
Sun Feb  5 13:50:06 2023,1675594196,1.27,4482.68
Sun Feb  5 13:50:21 2023,1675594211,1.34,5938.68
Sun Feb  5 13:50:32 2023,1675594227,1.00,2577.0
Sun Feb  5 13:51:00 2023,1675594238,2.81,2621.0
Sun Feb  5 13:51:16 2023,1675594266,1.36,5246.0
Sun Feb  5 13:51:34 2023,1675594281,1.59,2185.0
Sun Feb  5 13:51:49 2023,1675594300,1.29,2243.0
Sun Feb  5 13:52:11 2023,1675594315,1.93,3913.08
Sun Feb  5 13:52:34 2023,1675594337,1.85,1841.0
Sun Feb  5 13:53:38 2023,1675594358,26.55,-9540.8
Sun Feb  5 13:54:11 2023,1675594423,3.95,-1677.94
Sun Feb  5 13:55:06 2023,1675594457,13.82,-11670.4
Sun Feb  5 13:55:17 2023,1675594511,1.00,4356.0
Sun Feb  5 13:56:03 2023,1675594522,8.62,-12219.1
Sun Feb  5 13:56:15 2023,1675594569,1.06,4349.58
Sun Feb  5 13:56:27 2023,1675594581,1.05,5430.0
Sun Feb  5 13:56:40 2023,1675594592,1.16,4307.0
Sun Feb  5 13:56:54 2023,1675594606,1.18,2775.0
Sun Feb  5 13:57:21 2023,1675594619,2.85,851.9
Sun Feb  5 13:57:33 2023,1675594647,1.00,1961.0
Sun Feb  5 13:58:13 2023,1675594658,5.96,-1358.44
Sun Feb  5 13:58:59 2023,1675594699,8.15,-3387.27
Sun Feb  5 13:59:17 2023,1675594744,1.56,1852.22
Sun Feb  5 13:59:29 2023,1675594763,1.09,1856.04
Sun Feb  5 13:59:59 2023,1675594775,3.15,-927.4
Sun Feb  5 14:00:24 2023,1675594805,2.31,2092.5
Sun Feb  5 14:00:51 2023,1675594829,2.57,1565.16
Sun Feb  5 14:01:17 2023,1675594856,2.57,1986.79
Sun Feb  5 14:01:53 2023,1675594882,4.61,-1853.57
Sun Feb  5 14:02:36 2023,1675594919,6.63,-4128.11
Sun Feb  5 14:03:01 2023,1675594961,2.34,2576.0
Sun Feb  5 14:04:01 2023,1675594986,19.49,-16754.14
Sun Feb  5 14:05:04 2023,1675595046,23.76,-7259.55
Sun Feb  5 14:06:13 2023,1675595110,32.98,-15371.15
Sun Feb  5 14:06:24 2023,1675595179,1.00,2468.97
Sun Feb  5 14:06:44 2023,1675595190,1.78,2158.5
Sun Feb  5 14:06:57 2023,1675595210,1.12,1887.0
Sun Feb  5 14:07:29 2023,1675595223,3.43,-681.3
Sun Feb  5 14:07:42 2023,1675595254,1.18,2458.0
Sun Feb  5 14:07:59 2023,1675595268,1.31,3019.05
Sun Feb  5 14:08:25 2023,1675595283,2.71,1452.65
Sun Feb  5 14:09:08 2023,1675595310,7.13,-1719.4
Sun Feb  5 14:09:23 2023,1675595354,1.31,1845.0
Sun Feb  5 14:09:37 2023,1675595369,1.17,1770.0
Sun Feb  5 14:09:51 2023,1675595382,1.25,1765.0
Sun Feb  5 14:10:14 2023,1675595397,2.13,1028.1
Sun Feb  5 14:10:41 2023,1675595420,2.44,616.0
Sun Feb  5 14:11:01 2023,1675595446,1.77,840.0
Sun Feb  5 14:12:04 2023,1675595466,22.53,-10529.88
Sun Feb  5 14:12:47 2023,1675595529,7.03,-471.53
Sun Feb  5 14:13:13 2023,1675595572,2.57,1169.97
Sun Feb  5 14:13:31 2023,1675595599,1.54,1819.05
Sun Feb  5 14:13:56 2023,1675595617,2.43,917.93
Sun Feb  5 14:14:12 2023,1675595642,1.29,2495.43
Sun Feb  5 14:14:35 2023,1675595657,2.11,2218.89
Sun Feb  5 14:15:43 2023,1675595681,29.73,0
Sun Feb  5 14:16:50 2023,1675595748,28.29,-16906.88
Sun Feb  5 14:17:13 2023,1675595814,2.22,2386.16
Sun Feb  5 14:17:32 2023,1675595839,1.66,2508.23
Sun Feb  5 14:18:00 2023,1675595858,2.77,1607.58
Sun Feb  5 14:18:17 2023,1675595886,1.46,2428.36
Sun Feb  5 14:19:24 2023,1675595903,29.30,-16202.45
Sun Feb  5 14:19:37 2023,1675595970,1.18,2202.82
Sun Feb  5 14:19:59 2023,1675595983,1.82,1107.83
Sun Feb  5 14:20:21 2023,1675596004,1.97,2150.0
Sun Feb  5 14:20:42 2023,1675596026,1.95,2508.84
Sun Feb  5 14:21:45 2023,1675596048,21.18,-18455.64
Sun Feb  5 14:22:00 2023,1675596110,1.32,2381.21
Sun Feb  5 14:22:19 2023,1675596125,1.62,2038.14
Sun Feb  5 14:22:57 2023,1675596144,5.03,332.12
Sun Feb  5 14:23:22 2023,1675596182,1.92,2256.66
Sun Feb  5 14:24:10 2023,1675596203,11.50,-8429.46
Sun Feb  5 14:24:47 2023,1675596255,5.00,-546.44
Sun Feb  5 14:25:00 2023,1675596292,1.10,2403.33
Sun Feb  5 14:25:12 2023,1675596305,1.03,2228.09
Sun Feb  5 14:25:24 2023,1675596316,1.06,1679.0
Sun Feb  5 14:25:45 2023,1675596328,2.03,1436.0
Sun Feb  5 14:26:21 2023,1675596350,4.46,1287.09
Sun Feb  5 14:26:34 2023,1675596386,1.14,3898.0
Sun Feb  5 14:28:57 2023,1675596399,2415.91,-15889.58
Sun Feb  5 14:29:09 2023,1675596540,1.24,3134.0
Sun Feb  5 14:29:20 2023,1675596554,1.02,2686.0
Sun Feb  5 14:29:59 2023,1675596565,5.32,-1130.75
Sun Feb  5 14:30:18 2023,1675596604,1.62,2162.11
Sun Feb  5 14:30:47 2023,1675596623,2.85,2028.0
Sun Feb  5 14:31:09 2023,1675596651,1.94,2075.0
Sun Feb  5 14:32:05 2023,1675596673,16.05,-7030.48
Sun Feb  5 14:32:19 2023,1675596730,1.10,1902.09
Sun Feb  5 14:32:41 2023,1675596742,2.22,1190.0
Sun Feb  5 14:33:07 2023,1675596766,2.42,1274.5
Sun Feb  5 14:33:22 2023,1675596792,1.25,2892.95
Sun Feb  5 14:33:35 2023,1675596806,1.16,2945.95
Sun Feb  5 14:33:52 2023,1675596820,1.42,2276.98
Sun Feb  5 14:34:15 2023,1675596836,2.07,2113.7
Sun Feb  5 14:34:31 2023,1675596859,1.04,2690.0
Sun Feb  5 14:34:42 2023,1675596871,1.40,2570.5
Sun Feb  5 14:35:10 2023,1675596887,2.74,2070.9
Sun Feb  5 14:35:31 2023,1675596915,1.80,838.5
Sun Feb  5 14:36:03 2023,1675596935,3.59,345.39
Sun Feb  5 14:36:14 2023,1675596967,1.05,860.0
Sun Feb  5 14:36:30 2023,1675596979,1.35,845.91
Sun Feb  5 14:37:06 2023,1675596995,4.26,951.8
Sun Feb  5 14:37:50 2023,1675597030,7.76,-4269.66
Sun Feb  5 14:38:07 2023,1675597075,1.45,2441.0
Sun Feb  5 14:38:33 2023,1675597092,2.20,2281.0
Sun Feb  5 14:38:46 2023,1675597116,1.27,2405.9
Sun Feb  5 14:39:01 2023,1675597130,1.24,2340.0
Sun Feb  5 14:39:16 2023,1675597145,1.27,2352.0
Sun Feb  5 14:39:52 2023,1675597160,4.68,1126.24
Sun Feb  5 14:40:11 2023,1675597196,1.74,3323.0
Sun Feb  5 14:40:58 2023,1675597216,7.96,100.0
Sun Feb  5 14:41:20 2023,1675597262,1.98,2242.8
Sun Feb  5 14:41:39 2023,1675597284,1.75,2982.0
Sun Feb  5 14:41:50 2023,1675597304,1.00,2966.58
Sun Feb  5 14:42:24 2023,1675597315,3.54,1335.2
Sun Feb  5 14:43:18 2023,1675597346,15.46,-9469.6
Sun Feb  5 14:43:40 2023,1675597403,1.85,2268.53
Sun Feb  5 14:43:54 2023,1675597424,1.20,2230.37
Sun Feb  5 14:44:09 2023,1675597438,1.41,2153.43
Sun Feb  5 14:44:30 2023,1675597454,1.82,1276.3
Sun Feb  5 14:44:50 2023,1675597475,1.71,1718.07
Sun Feb  5 14:45:01 2023,1675597495,1.00,1687.0
Sun Feb  5 14:45:13 2023,1675597506,1.10,1503.0
Sun Feb  5 14:45:51 2023,1675597518,5.28,1278.42
Sun Feb  5 14:46:41 2023,1675597557,10.36,-8796.54
Sun Feb  5 14:47:05 2023,1675597606,2.20,2018.62
Sun Feb  5 14:47:29 2023,1675597630,2.26,450.0
Sun Feb  5 14:47:44 2023,1675597655,1.30,1729.5
Sun Feb  5 14:48:11 2023,1675597670,2.44,550.81
Sun Feb  5 14:48:46 2023,1675597695,4.48,0
Sun Feb  5 14:49:08 2023,1675597731,1.92,971.77
Sun Feb  5 14:49:20 2023,1675597753,1.13,1399.8
Sun Feb  5 14:49:33 2023,1675597766,1.14,1281.0
Sun Feb  5 14:50:01 2023,1675597779,2.86,1266.0
Sun Feb  5 14:51:15 2023,1675597807,41.56,-5795.06
Sun Feb  5 14:51:47 2023,1675597880,3.72,529.29
Sun Feb  5 14:52:02 2023,1675597913,1.25,1665.7
Sun Feb  5 14:52:17 2023,1675597927,1.32,1676.22
Sun Feb  5 14:53:13 2023,1675597942,14.49,-8849.61
Sun Feb  5 14:53:47 2023,1675597998,4.15,2044.77
Sun Feb  5 14:54:27 2023,1675598032,5.91,-2697.75
Sun Feb  5 14:55:08 2023,1675598073,6.31,-1628.34
Sun Feb  5 14:55:31 2023,1675598114,2.01,2385.75
Sun Feb  5 14:55:51 2023,1675598137,1.63,2366.33
Sun Feb  5 14:56:09 2023,1675598156,1.59,0
Sun Feb  5 14:56:33 2023,1675598174,2.20,1581.05
Sun Feb  5 14:56:44 2023,1675598198,1.00,1822.0
Sun Feb  5 14:57:14 2023,1675598209,3.05,-356.85
Sun Feb  5 14:57:30 2023,1675598238,1.46,1194.17
Sun Feb  5 14:58:42 2023,1675598255,39.29,-6073.5
Sun Feb  5 14:58:56 2023,1675598327,1.24,2643.76
Sun Feb  5 14:59:26 2023,1675598342,3.10,1559.64
Sun Feb  5 14:59:40 2023,1675598371,1.21,1711.65
Sun Feb  5 14:59:58 2023,1675598385,1.51,1860.8
Sun Feb  5 15:00:11 2023,1675598403,1.15,2292.3
Sun Feb  5 15:00:27 2023,1675598416,1.36,1475.4
Sun Feb  5 15:00:56 2023,1675598432,2.93,220.1
Sun Feb  5 15:01:27 2023,1675598461,3.47,-20.49
Sun Feb  5 15:01:46 2023,1675598492,1.65,1591.16
Sun Feb  5 15:02:00 2023,1675598511,1.23,2335.49
Sun Feb  5 15:02:47 2023,1675598526,8.56,-3887.47
Sun Feb  5 15:03:03 2023,1675598572,1.38,1576.42
Sun Feb  5 15:03:40 2023,1675598588,4.82,-460.92
Sun Feb  5 15:03:52 2023,1675598625,1.10,3150.96
Sun Feb  5 15:04:56 2023,1675598638,24.49,-11263.16
Sun Feb  5 15:05:29 2023,1675598702,3.68,-1370.09
Sun Feb  5 15:05:53 2023,1675598734,1.83,1057.42
Sun Feb  5 15:06:25 2023,1675598755,4.28,-1485.82
Sun Feb  5 15:07:13 2023,1675598790,9.60,-3954.74
Sun Feb  5 15:07:28 2023,1675598839,1.25,2429.61
Sun Feb  5 15:07:44 2023,1675598853,1.33,2451.6
Sun Feb  5 15:08:23 2023,1675598869,4.89,-3917.8
Sun Feb  5 15:09:26 2023,1675598906,21.17,-8421.58
Sun Feb  5 15:09:58 2023,1675598968,4.28,-1340.87
Sun Feb  5 15:10:11 2023,1675599003,1.07,1620.0
Sun Feb  5 15:10:28 2023,1675599015,1.58,1654.92
Sun Feb  5 15:10:48 2023,1675599033,1.78,1420.8
Sun Feb  5 15:11:31 2023,1675599053,6.65,-611.2
Sun Feb  5 15:11:44 2023,1675599096,1.04,3348.0
Sun Feb  5 15:12:01 2023,1675599107,1.61,2801.6
Sun Feb  5 15:12:37 2023,1675599126,4.89,-737.06
Sun Feb  5 15:13:02 2023,1675599163,2.17,1506.48
Sun Feb  5 15:13:15 2023,1675599187,1.18,1786.0
Sun Feb  5 15:13:33 2023,1675599200,1.04,1425.0
Sun Feb  5 15:14:44 2023,1675599212,55.62,-7891.1
Sun Feb  5 15:15:10 2023,1675599290,2.48,2230.24
Sun Feb  5 15:15:44 2023,1675599316,4.02,1562.3
Sun Feb  5 15:15:59 2023,1675599350,1.32,2857.2
Sun Feb  5 15:17:57 2023,1675599365,595.02,-14493.43
Sun Feb  5 15:18:16 2023,1675599482,1.58,2486.77
Sun Feb  5 15:18:37 2023,1675599501,1.90,2516.23
Sun Feb  5 15:18:55 2023,1675599522,1.50,2517.9
Sun Feb  5 15:19:59 2023,1675599540,26.16,-12151.57
Sun Feb  5 15:20:25 2023,1675599605,2.38,1718.74
Sun Feb  5 15:20:43 2023,1675599630,1.54,1867.55
Sun Feb  5 15:21:32 2023,1675599648,10.21,-12509.23
Sun Feb  5 15:21:43 2023,1675599698,1.00,2222.79
Sun Feb  5 15:21:56 2023,1675599708,1.07,2216.87
Sun Feb  5 15:22:11 2023,1675599720,1.32,2196.27
Sun Feb  5 15:22:44 2023,1675599736,3.82,3095.96
Sun Feb  5 15:22:56 2023,1675599769,1.08,2326.0
Sun Feb  5 15:23:34 2023,1675599781,5.38,1320.2
Sun Feb  5 15:23:58 2023,1675599820,2.22,2841.51
Sun Feb  5 15:24:23 2023,1675599844,2.20,1317.09
Sun Feb  5 15:24:41 2023,1675599868,1.60,2850.67
Sun Feb  5 15:25:20 2023,1675599886,5.37,-2356.29
Sun Feb  5 15:25:36 2023,1675599925,1.40,2483.58
Sun Feb  5 15:26:38 2023,1675599942,20.70,-10497.61
Sun Feb  5 15:26:58 2023,1675600003,1.70,1500.36
Sun Feb  5 15:27:52 2023,1675600022,12.52,-17527.76
Sun Feb  5 15:28:04 2023,1675600075,1.19,2123.94
Sun Feb  5 15:28:41 2023,1675600089,4.81,886.4
Sun Feb  5 15:29:04 2023,1675600126,2.04,3154.6
Sun Feb  5 15:29:25 2023,1675600149,1.93,3579.36
Sun Feb  5 15:30:39 2023,1675600170,39.64,-14535.47
Sun Feb  5 15:30:54 2023,1675600243,1.47,2845.73
Sun Feb  5 15:31:24 2023,1675600260,2.95,1189.17
Sun Feb  5 15:31:36 2023,1675600289,1.13,3820.9
Sun Feb  5 15:31:57 2023,1675600301,1.83,3969.08
Sun Feb  5 15:32:11 2023,1675600322,1.21,2188.9
Sun Feb  5 15:32:53 2023,1675600336,6.70,179.19
Sun Feb  5 15:33:07 2023,1675600379,1.16,1169.31
Sun Feb  5 15:33:28 2023,1675600392,1.80,1721.5
Sun Feb  5 15:33:48 2023,1675600413,1.86,1474.61
Sun Feb  5 15:34:05 2023,1675600434,1.38,1688.16
Sun Feb  5 15:34:45 2023,1675600450,5.86,-2724.03
Sun Feb  5 15:35:07 2023,1675600490,1.83,995.78
Sun Feb  5 15:36:03 2023,1675600511,16.89,-14335.08
Sun Feb  5 15:36:48 2023,1675600569,7.76,-7072.81
Sun Feb  5 15:37:09 2023,1675600614,1.84,1970.78
Sun Feb  5 15:37:37 2023,1675600635,2.75,3396.82
Sun Feb  5 15:38:36 2023,1675600662,17.63,-17339.96
Sun Feb  5 15:38:49 2023,1675600721,1.13,3195.14
Sun Feb  5 15:39:07 2023,1675600734,1.42,3748.01
Sun Feb  5 15:39:35 2023,1675600750,3.18,748.46
Sun Feb  5 15:39:52 2023,1675600781,1.46,2545.52
Sun Feb  5 15:40:07 2023,1675600798,1.09,2856.6
Sun Feb  5 15:40:24 2023,1675600810,1.61,1818.6
Sun Feb  5 15:40:55 2023,1675600829,3.49,517.33
Sun Feb  5 15:41:20 2023,1675600860,2.43,2232.59
Sun Feb  5 15:41:32 2023,1675600886,1.06,3107.18
Sun Feb  5 15:42:34 2023,1675600898,21.55,-13818.94
Sun Feb  5 15:42:56 2023,1675600959,1.98,2493.89
Sun Feb  5 15:43:57 2023,1675600982,18.97,-4614.85
Sun Feb  5 15:44:09 2023,1675601042,1.11,3995.1
Sun Feb  5 15:44:24 2023,1675601054,1.23,1768.3
Sun Feb  5 15:45:01 2023,1675601068,5.20,-545.8
Sun Feb  5 15:45:16 2023,1675601107,1.25,1913.1
Sun Feb  5 15:45:31 2023,1675601121,1.28,1802.2
Sun Feb  5 15:45:47 2023,1675601136,1.36,1339.28
Sun Feb  5 15:46:52 2023,1675601152,26.30,-7453.35
Sun Feb  5 15:47:05 2023,1675601217,1.20,2022.8
Sun Feb  5 15:47:30 2023,1675601231,2.27,2233.4
Sun Feb  5 15:48:14 2023,1675601255,7.33,-132.62
Sun Feb  5 15:48:58 2023,1675601299,7.07,-3395.37
Sun Feb  5 15:50:16 2023,1675601343,59.83,-4776.79
Sun Feb  5 15:50:30 2023,1675601422,1.23,2839.05
Sun Feb  5 15:50:44 2023,1675601436,1.17,2882.39
Sun Feb  5 15:51:02 2023,1675601449,1.53,2806.64
Sun Feb  5 15:51:30 2023,1675601467,2.86,1227.11
Sun Feb  5 15:52:53 2023,1675601496,75.55,-7753.15
Sun Feb  5 15:53:41 2023,1675601579,9.10,-17155.6
Sun Feb  5 15:53:57 2023,1675601626,1.42,2802.55
Sun Feb  5 15:54:26 2023,1675601643,3.04,1591.45
Sun Feb  5 15:55:04 2023,1675601672,4.95,-646.12
Sun Feb  5 15:55:36 2023,1675601709,3.65,2235.74
Sun Feb  5 15:55:48 2023,1675601742,1.00,2760.4
Sun Feb  5 15:56:37 2023,1675601753,9.76,-11611.91
Sun Feb  5 15:57:11 2023,1675601801,4.19,204.45
Sun Feb  5 15:57:32 2023,1675601836,1.80,2945.03
Sun Feb  5 15:58:04 2023,1675601857,3.56,552.87
Sun Feb  5 15:58:43 2023,1675601889,5.49,-2982.11
Sun Feb  5 15:59:29 2023,1675601928,8.09,-5576.58
Sun Feb  5 15:59:49 2023,1675601973,1.77,2435.44
Sun Feb  5 16:00:14 2023,1675601994,2.47,1253.29
Sun Feb  5 16:00:47 2023,1675602020,3.84,651.32
Sun Feb  5 16:01:03 2023,1675602053,1.37,1237.96
Sun Feb  5 16:01:29 2023,1675602069,2.32,1009.0
Sun Feb  5 16:01:39 2023,1675602094,1.02,4118.49
Sun Feb  5 16:02:05 2023,1675602105,2.43,276.39
Sun Feb  5 16:02:21 2023,1675602130,1.36,1620.0
Sun Feb  5 16:02:48 2023,1675602146,2.74,-1037.9
Sun Feb  5 16:03:41 2023,1675602174,12.29,-4562.7
Sun Feb  5 16:03:54 2023,1675602227,1.06,3488.02
Sun Feb  5 16:04:37 2023,1675602238,6.74,-8948.04
Sun Feb  5 16:04:56 2023,1675602281,1.80,2349.58
Sun Feb  5 16:05:20 2023,1675602302,2.18,3383.09
Sun Feb  5 16:06:09 2023,1675602325,10.45,-18838.82
Sun Feb  5 16:07:26 2023,1675602375,50.66,-11882.11
Sun Feb  5 16:08:24 2023,1675602451,17.80,-15693.01
Sun Feb  5 16:08:47 2023,1675602510,1.98,2982.6
Sun Feb  5 16:09:58 2023,1675602532,37.46,-13956.9
Sun Feb  5 16:10:34 2023,1675602604,4.59,-146.97
Sun Feb  5 16:11:49 2023,1675602640,47.63,-12129.49
Sun Feb  5 16:12:01 2023,1675602715,1.03,3126.1
Sun Feb  5 16:12:15 2023,1675602726,1.14,1777.0
Sun Feb  5 16:12:34 2023,1675602739,1.79,1427.67
Sun Feb  5 16:12:45 2023,1675602760,1.00,1126.0
Sun Feb  5 16:13:10 2023,1675602770,2.45,733.37
Sun Feb  5 16:13:31 2023,1675602796,1.77,2168.01
Sun Feb  5 16:13:44 2023,1675602816,1.17,2082.17
Sun Feb  5 16:14:06 2023,1675602830,2.02,1285.87
Sun Feb  5 16:14:18 2023,1675602852,1.02,3565.0
Sun Feb  5 16:14:44 2023,1675602864,2.56,2148.6
Sun Feb  5 16:14:58 2023,1675602890,1.17,3793.0
Sun Feb  5 16:15:17 2023,1675602903,1.67,3746.6
Sun Feb  5 16:15:28 2023,1675602923,1.01,2328.0
Sun Feb  5 16:16:00 2023,1675602934,3.69,835.09
Sun Feb  5 16:16:17 2023,1675602966,1.45,2499.82
Sun Feb  5 16:16:33 2023,1675602983,1.30,2121.33
Sun Feb  5 16:17:40 2023,1675602998,30.16,-10633.95
Sun Feb  5 16:18:30 2023,1675603066,10.57,-10170.17
Sun Feb  5 16:18:43 2023,1675603116,1.12,1273.74
Sun Feb  5 16:19:01 2023,1675603129,1.59,1167.13
Sun Feb  5 16:19:37 2023,1675603147,4.06,-501.57
Sun Feb  5 16:19:56 2023,1675603181,1.84,3010.69
Sun Feb  5 16:20:35 2023,1675603202,5.15,-693.55
Sun Feb  5 16:21:14 2023,1675603240,5.61,-2688.91
Sun Feb  5 16:21:57 2023,1675603280,6.98,-1632.28
Sun Feb  5 16:22:13 2023,1675603323,1.35,1747.88
Sun Feb  5 16:22:33 2023,1675603339,1.65,1453.3
Sun Feb  5 16:23:03 2023,1675603358,3.35,0
Sun Feb  5 16:23:16 2023,1675603389,1.12,3519.0
Sun Feb  5 16:23:32 2023,1675603402,1.36,2024.0
Sun Feb  5 16:23:53 2023,1675603418,1.93,1008.95
Sun Feb  5 16:24:17 2023,1675603439,2.13,702.94
Sun Feb  5 16:24:37 2023,1675603463,1.66,2122.8
Sun Feb  5 16:25:54 2023,1675603482,54.84,-15834.94
Sun Feb  5 16:26:06 2023,1675603559,1.03,0
Sun Feb  5 16:26:53 2023,1675603571,9.58,-6652.7
Sun Feb  5 16:27:12 2023,1675603619,1.61,2340.2
Sun Feb  5 16:27:29 2023,1675603638,1.50,2305.0
Sun Feb  5 16:28:01 2023,1675603655,3.43,79.6
Sun Feb  5 16:28:12 2023,1675603687,1.00,2061.63
Sun Feb  5 16:28:42 2023,1675603698,3.34,667.3
Sun Feb  5 16:29:00 2023,1675603728,1.46,1838.46
Sun Feb  5 16:29:15 2023,1675603746,1.33,1604.0
Sun Feb  5 16:29:26 2023,1675603761,1.00,1610.0
Sun Feb  5 16:29:37 2023,1675603772,1.01,1550.0
Sun Feb  5 16:29:51 2023,1675603783,1.22,1590.0
Sun Feb  5 16:30:20 2023,1675603797,2.98,1548.2
Sun Feb  5 16:30:45 2023,1675603826,2.31,2239.3
Sun Feb  5 16:30:57 2023,1675603851,1.08,2393.0
Sun Feb  5 16:31:57 2023,1675603863,19.14,-11037.65
Sun Feb  5 16:32:11 2023,1675603923,1.17,2725.05
Sun Feb  5 16:32:32 2023,1675603936,1.92,2618.0
Sun Feb  5 16:33:14 2023,1675603958,6.44,-6124.46
Sun Feb  5 16:33:46 2023,1675604000,3.55,2518.2
Sun Feb  5 16:35:05 2023,1675604031,61.73,-14751.53
Sun Feb  5 16:35:17 2023,1675604111,1.10,1924.2
Sun Feb  5 16:36:21 2023,1675604123,23.58,-4380.53
Sun Feb  5 16:36:32 2023,1675604187,1.00,2545.0
Sun Feb  5 16:36:43 2023,1675604198,1.05,2452.0
Sun Feb  5 16:37:02 2023,1675604209,1.63,2395.81
Sun Feb  5 16:37:29 2023,1675604228,2.46,1939.77
Sun Feb  5 16:38:00 2023,1675604254,3.47,798.75
Sun Feb  5 16:38:11 2023,1675604285,1.04,1200.0
Sun Feb  5 16:38:32 2023,1675604297,1.81,1204.0
Sun Feb  5 16:38:58 2023,1675604317,2.44,820.9
Sun Feb  5 16:39:23 2023,1675604343,2.40,2076.69
Sun Feb  5 16:39:53 2023,1675604368,3.19,1875.8
Sun Feb  5 16:40:24 2023,1675604399,3.46,1859.84
Sun Feb  5 16:40:45 2023,1675604430,1.84,2113.13
Sun Feb  5 16:40:59 2023,1675604451,1.22,2674.02
Sun Feb  5 16:41:18 2023,1675604465,1.57,2510.87
Sun Feb  5 16:41:31 2023,1675604483,1.15,2340.25
Sun Feb  5 16:42:05 2023,1675604496,3.80,-355.43
Sun Feb  5 16:42:15 2023,1675604530,1.00,2396.06
Sun Feb  5 16:42:56 2023,1675604540,6.27,-1369.65
Sun Feb  5 16:43:31 2023,1675604582,4.20,866.5
Sun Feb  5 16:44:09 2023,1675604616,5.21,-4260.7
Sun Feb  5 16:45:15 2023,1675604655,18.46,-7445.03
Sun Feb  5 16:45:39 2023,1675604714,3.12,1256.68
Sun Feb  5 16:46:45 2023,1675604744,27.26,-6166.73
Sun Feb  5 16:47:05 2023,1675604810,1.85,3150.37
Sun Feb  5 16:47:44 2023,1675604831,5.47,-2398.52
Sun Feb  5 16:47:57 2023,1675604870,1.15,2957.0
Sun Feb  5 16:50:07 2023,1675604883,1205.33,-7792.99
Sun Feb  5 16:50:19 2023,1675605012,1.14,2253.55
Sun Feb  5 16:50:35 2023,1675605025,1.32,2020.0
Sun Feb  5 16:50:49 2023,1675605040,1.20,1872.0
Sun Feb  5 16:51:04 2023,1675605054,1.33,1458.95
Sun Feb  5 16:51:51 2023,1675605070,8.67,-7824.93
Sun Feb  5 16:52:09 2023,1675605117,1.44,3099.05
Sun Feb  5 16:52:22 2023,1675605133,1.15,2153.9
Sun Feb  5 16:53:23 2023,1675605147,21.68,-13725.67
Sun Feb  5 16:53:44 2023,1675605209,1.88,2038.1
Sun Feb  5 16:54:22 2023,1675605230,5.01,-518.62
Sun Feb  5 16:55:09 2023,1675605268,9.21,-2262.5
Sun Feb  5 16:55:45 2023,1675605315,4.48,759.6
Sun Feb  5 16:56:09 2023,1675605351,2.10,1049.25
Sun Feb  5 16:57:00 2023,1675605374,11.11,-6311.8
Sun Feb  5 16:57:14 2023,1675605425,1.29,1864.8
Sun Feb  5 16:57:29 2023,1675605440,1.26,2046.24
Sun Feb  5 16:57:43 2023,1675605455,1.08,1805.04
Sun Feb  5 16:58:00 2023,1675605467,1.47,1795.0
Sun Feb  5 16:58:31 2023,1675605484,3.51,1963.06
Sun Feb  5 16:58:42 2023,1675605516,1.05,2953.0
Sun Feb  5 16:59:00 2023,1675605528,1.62,2334.4
Sun Feb  5 16:59:12 2023,1675605546,1.00,1515.0
Sun Feb  5 16:59:25 2023,1675605557,1.14,1626.0
Sun Feb  5 17:00:04 2023,1675605570,5.61,-2729.2
Sun Feb  5 17:00:15 2023,1675605610,1.00,2233.8
Sun Feb  5 17:00:47 2023,1675605620,3.73,2282.0
Sun Feb  5 17:01:03 2023,1675605653,1.32,2211.57
Sun Feb  5 17:01:22 2023,1675605669,1.73,1342.55
Sun Feb  5 17:01:42 2023,1675605689,1.73,1364.7
Sun Feb  5 17:02:02 2023,1675605708,1.72,1688.5
Sun Feb  5 17:02:39 2023,1675605728,4.76,-923.3
Sun Feb  5 17:02:50 2023,1675605765,1.00,2256.02
Sun Feb  5 17:03:30 2023,1675605776,5.93,-2422.32
Sun Feb  5 17:03:59 2023,1675605816,2.86,0
Sun Feb  5 17:04:17 2023,1675605845,1.60,1842.2
Sun Feb  5 17:04:31 2023,1675605863,1.19,1720.0
Sun Feb  5 17:05:06 2023,1675605877,4.33,1078.97
Sun Feb  5 17:05:18 2023,1675605912,1.07,1772.17
Sun Feb  5 17:05:42 2023,1675605924,2.18,1675.44
Sun Feb  5 17:05:55 2023,1675605948,1.11,1733.0
Sun Feb  5 17:06:28 2023,1675605960,3.84,1506.93
Sun Feb  5 17:06:48 2023,1675605994,1.71,2835.39
Sun Feb  5 17:07:14 2023,1675606013,2.51,1448.39
Sun Feb  5 17:07:33 2023,1675606039,1.61,1462.28
Sun Feb  5 17:08:07 2023,1675606058,4.18,856.26
Sun Feb  5 17:08:45 2023,1675606093,5.32,1030.56
Sun Feb  5 17:08:56 2023,1675606131,1.00,1802.96
Sun Feb  5 17:09:10 2023,1675606142,1.17,1802.25
Sun Feb  5 17:09:27 2023,1675606156,1.49,1785.25
Sun Feb  5 17:09:52 2023,1675606173,2.33,1567.3
Sun Feb  5 17:10:17 2023,1675606198,2.36,1656.64
Sun Feb  5 17:10:28 2023,1675606223,1.00,1973.0
Sun Feb  5 17:10:46 2023,1675606234,1.61,1944.06
Sun Feb  5 17:10:59 2023,1675606253,1.09,1968.05
Sun Feb  5 17:11:15 2023,1675606265,1.36,1656.34
Sun Feb  5 17:11:38 2023,1675606281,2.14,1833.5
Sun Feb  5 17:12:18 2023,1675606304,5.78,-1981.36
Sun Feb  5 17:12:41 2023,1675606344,2.11,2144.22
Sun Feb  5 17:13:09 2023,1675606367,2.64,2125.18
Sun Feb  5 17:13:28 2023,1675606394,1.72,1481.94
Sun Feb  5 17:14:09 2023,1675606414,6.30,-4863.91
Sun Feb  5 17:14:36 2023,1675606456,2.58,2684.83
Sun Feb  5 17:15:27 2023,1675606482,10.75,-14349.29
Sun Feb  5 17:15:51 2023,1675606533,2.25,1341.19
Sun Feb  5 17:16:17 2023,1675606557,2.34,1220.4
Sun Feb  5 17:16:33 2023,1675606582,1.52,2078.84
Sun Feb  5 17:17:26 2023,1675606600,12.23,-10801.71
Sun Feb  5 17:17:44 2023,1675606652,1.53,2470.77
Sun Feb  5 17:18:22 2023,1675606670,5.06,290.45
Sun Feb  5 17:18:37 2023,1675606708,1.32,0
Sun Feb  5 17:18:59 2023,1675606723,1.98,3217.4
Sun Feb  5 17:19:53 2023,1675606745,13.18,-16373.96
Sun Feb  5 17:20:13 2023,1675606799,1.70,4066.7
Sun Feb  5 17:20:37 2023,1675606819,2.28,300.46
Sun Feb  5 17:20:57 2023,1675606843,1.73,0
Sun Feb  5 17:21:31 2023,1675606863,4.02,-99.26
Sun Feb  5 17:21:48 2023,1675606897,1.47,2537.92
Sun Feb  5 17:23:56 2023,1675606914,1097.74,-11917.24
Sun Feb  5 17:24:08 2023,1675607042,1.00,3618.72
Sun Feb  5 17:24:43 2023,1675607053,4.39,-1288.62
Sun Feb  5 17:26:33 2023,1675607088,409.44,-12672.98
Sun Feb  5 17:26:59 2023,1675607199,2.52,1202.69
Sun Feb  5 17:27:12 2023,1675607225,1.11,2287.8
Sun Feb  5 17:27:55 2023,1675607238,7.08,-1802.19
Sun Feb  5 17:28:36 2023,1675607281,5.84,-2317.8
Sun Feb  5 17:28:46 2023,1675607321,1.00,3400.61
Sun Feb  5 17:28:57 2023,1675607332,1.00,3117.9
Sun Feb  5 17:29:14 2023,1675607343,1.34,3184.3
Sun Feb  5 17:29:38 2023,1675607359,2.41,860.39
Sun Feb  5 17:29:50 2023,1675607384,1.07,3439.2
Sun Feb  5 17:30:17 2023,1675607396,2.56,1142.81
Sun Feb  5 17:30:55 2023,1675607423,5.32,-3625.87
Sun Feb  5 17:31:07 2023,1675607461,1.06,3121.13
Sun Feb  5 17:31:34 2023,1675607473,2.60,306.17
Sun Feb  5 17:31:45 2023,1675607500,1.00,2614.95
Sun Feb  5 17:32:20 2023,1675607510,4.52,-2558.48
Sun Feb  5 17:32:45 2023,1675607546,2.38,2563.66
Sun Feb  5 17:33:01 2023,1675607572,1.30,2759.21
Sun Feb  5 17:33:55 2023,1675607587,13.53,-15938.97
Sun Feb  5 17:34:17 2023,1675607641,1.88,2366.92
Sun Feb  5 17:34:35 2023,1675607662,1.62,2535.29
Sun Feb  5 17:34:51 2023,1675607681,1.34,2483.99
Sun Feb  5 17:35:12 2023,1675607697,1.92,2258.6
Sun Feb  5 17:35:49 2023,1675607718,4.66,-1766.52
Sun Feb  5 17:36:05 2023,1675607755,1.43,2411.3
Sun Feb  5 17:36:18 2023,1675607772,1.10,2645.6
Sun Feb  5 17:36:29 2023,1675607784,1.00,2625.6
Sun Feb  5 17:36:51 2023,1675607795,1.89,1902.0
Sun Feb  5 17:37:06 2023,1675607816,1.35,1685.88
Sun Feb  5 17:37:39 2023,1675607832,3.88,1161.65
Sun Feb  5 17:37:59 2023,1675607865,1.71,1827.52
Sun Feb  5 17:39:40 2023,1675607885,218.65,-8732.94
Sun Feb  5 17:40:14 2023,1675607986,4.08,486.47
Sun Feb  5 17:40:46 2023,1675608020,3.38,1174.42
Sun Feb  5 17:41:45 2023,1675608051,19.19,-8628.66
Sun Feb  5 17:42:09 2023,1675608111,2.17,574.03
Sun Feb  5 17:42:20 2023,1675608135,1.03,1297.6
Sun Feb  5 17:42:32 2023,1675608146,1.08,1147.5
Sun Feb  5 17:42:49 2023,1675608158,1.43,1050.29
Sun Feb  5 17:44:23 2023,1675608175,149.33,-5896.57
Sun Feb  5 17:44:38 2023,1675608269,1.29,2533.5
Sun Feb  5 17:45:34 2023,1675608284,14.41,-12777.2
Sun Feb  5 17:45:51 2023,1675608339,1.46,2458.35
Sun Feb  5 17:46:42 2023,1675608356,11.56,-11499.52
Sun Feb  5 17:47:09 2023,1675608408,2.52,1850.8
Sun Feb  5 17:47:20 2023,1675608434,1.00,2344.49
Sun Feb  5 17:47:44 2023,1675608445,2.38,-484.19
Sun Feb  5 17:48:12 2023,1675608470,2.77,-341.7
Sun Feb  5 17:49:08 2023,1675608498,14.97,-7246.21
Sun Feb  5 17:49:21 2023,1675608554,1.18,1566.1
Sun Feb  5 17:49:32 2023,1675608567,1.01,1435.5
Sun Feb  5 17:49:59 2023,1675608578,2.58,0
Sun Feb  5 17:50:37 2023,1675608605,5.15,-2733.86
Sun Feb  5 17:51:10 2023,1675608643,3.83,-165.1
Sun Feb  5 17:51:22 2023,1675608676,1.09,1795.6
Sun Feb  5 17:51:34 2023,1675608688,1.09,0
Sun Feb  5 17:51:52 2023,1675608701,1.54,1291.2
Sun Feb  5 17:52:04 2023,1675608719,1.04,1604.0
Sun Feb  5 17:52:16 2023,1675608730,1.08,2915.9
Sun Feb  5 17:52:46 2023,1675608742,3.27,2630.02
Sun Feb  5 17:53:00 2023,1675608773,1.21,3004.47
Sun Feb  5 17:53:41 2023,1675608787,6.07,-352.8
Sun Feb  5 17:54:09 2023,1675608827,2.62,1803.34
Sun Feb  5 17:54:30 2023,1675608854,2.00,964.0
Sun Feb  5 17:54:47 2023,1675608877,1.44,863.75
Sun Feb  5 17:55:14 2023,1675608894,2.59,845.7
Sun Feb  5 17:55:31 2023,1675608920,1.38,2206.7
Sun Feb  5 17:56:04 2023,1675608936,3.94,13.1
Sun Feb  5 17:56:16 2023,1675608970,1.05,2673.4
Sun Feb  5 17:56:32 2023,1675608982,1.44,2510.3
Sun Feb  5 17:57:13 2023,1675608998,6.09,452.64
Sun Feb  5 17:57:27 2023,1675609039,1.22,4334.0
Sun Feb  5 17:57:45 2023,1675609053,1.57,0
Sun Feb  5 17:58:00 2023,1675609072,1.29,948.7
Sun Feb  5 17:58:38 2023,1675609087,4.99,232.9
Sun Feb  5 17:59:00 2023,1675609124,1.99,732.4
Sun Feb  5 17:59:49 2023,1675609147,9.82,-21400.96
Sun Feb  5 18:00:04 2023,1675609195,1.21,5623.46
Sun Feb  5 18:00:40 2023,1675609209,4.80,-3111.6
Sun Feb  5 18:01:05 2023,1675609246,2.30,-2175.9
Sun Feb  5 18:01:21 2023,1675609271,1.37,4403.73
Sun Feb  5 18:01:36 2023,1675609287,1.32,4331.69
Sun Feb  5 18:01:48 2023,1675609302,1.06,4764.78
Sun Feb  5 18:02:21 2023,1675609314,3.89,-775.8
Sun Feb  5 18:02:35 2023,1675609348,1.18,4390.0
Sun Feb  5 18:02:54 2023,1675609361,1.61,1056.4
Sun Feb  5 18:03:17 2023,1675609380,2.14,2436.1
Sun Feb  5 18:03:39 2023,1675609403,1.92,0
Sun Feb  5 18:04:12 2023,1675609425,3.76,0
Sun Feb  5 18:04:40 2023,1675609458,2.89,-875.33
Sun Feb  5 18:04:58 2023,1675609486,1.48,0
Sun Feb  5 18:05:26 2023,1675609504,3.01,732.86
Sun Feb  5 18:05:47 2023,1675609533,1.78,0
Sun Feb  5 18:06:03 2023,1675609553,1.38,2239.3
Sun Feb  5 18:06:23 2023,1675609569,1.78,1226.44
Sun Feb  5 18:07:24 2023,1675609590,20.00,0
Sun Feb  5 18:08:09 2023,1675609650,7.71,0
Sun Feb  5 18:08:33 2023,1675609695,2.32,650.0
Sun Feb  5 18:09:05 2023,1675609720,3.39,613.3
Sun Feb  5 18:09:40 2023,1675609751,4.47,-1406.5
Sun Feb  5 18:10:28 2023,1675609787,8.73,-6109.59
Sun Feb  5 18:10:41 2023,1675609834,1.22,1690.09
Sun Feb  5 18:10:54 2023,1675609848,1.13,0
Sun Feb  5 18:11:18 2023,1675609861,1.99,1639.2
Sun Feb  5 18:11:32 2023,1675609883,1.32,1212.5
Sun Feb  5 18:11:43 2023,1675609898,1.00,1940.2
Sun Feb  5 18:12:21 2023,1675609909,5.17,-697.5
Sun Feb  5 18:13:14 2023,1675609947,12.93,-9242.15
Sun Feb  5 18:13:36 2023,1675610001,1.90,1339.32
Sun Feb  5 18:13:47 2023,1675610022,1.06,1160.2
Sun Feb  5 18:14:05 2023,1675610034,1.45,1186.0
Sun Feb  5 18:14:33 2023,1675610051,2.82,191.51
Sun Feb  5 18:15:02 2023,1675610079,2.96,82.24
Sun Feb  5 18:16:03 2023,1675610108,20.90,-6153.9
Sun Feb  5 18:16:26 2023,1675610169,2.03,2717.4
Sun Feb  5 18:16:45 2023,1675610192,1.70,2911.74
Sun Feb  5 18:17:00 2023,1675610211,1.29,2882.24
Sun Feb  5 18:18:05 2023,1675610226,25.42,-7386.47
Sun Feb  5 18:18:33 2023,1675610291,2.90,1183.97
Sun Feb  5 18:19:17 2023,1675610320,6.98,-228.72
Sun Feb  5 18:19:49 2023,1675610363,3.58,-170.76
Sun Feb  5 18:20:08 2023,1675610395,1.65,2024.86
Sun Feb  5 18:20:21 2023,1675610414,1.08,1781.0
Sun Feb  5 18:20:45 2023,1675610426,2.38,1635.3
Sun Feb  5 18:20:57 2023,1675610451,1.09,1890.38
Sun Feb  5 18:21:20 2023,1675610464,2.10,803.1
Sun Feb  5 18:22:04 2023,1675610487,6.78,-1836.63
Sun Feb  5 18:22:50 2023,1675610529,8.35,-4246.02
Sun Feb  5 18:24:16 2023,1675610576,91.61,-6055.43
Sun Feb  5 18:25:11 2023,1675610662,14.14,-8429.55
Sun Feb  5 18:25:38 2023,1675610717,2.73,1090.41
Sun Feb  5 18:25:53 2023,1675610744,1.31,1851.1
Sun Feb  5 18:26:07 2023,1675610759,1.10,1692.0
Sun Feb  5 18:26:18 2023,1675610772,1.11,2120.0
Sun Feb  5 18:26:41 2023,1675610784,2.05,2164.6
Sun Feb  5 18:27:19 2023,1675610807,5.01,-1053.83
Sun Feb  5 18:27:36 2023,1675610845,1.49,1963.13
Sun Feb  5 18:28:01 2023,1675610862,2.38,1688.29
Sun Feb  5 18:28:36 2023,1675610887,4.24,-2091.3
Sun Feb  5 18:29:01 2023,1675610922,2.43,84.85
Sun Feb  5 18:29:34 2023,1675610948,3.66,-503.09
Sun Feb  5 18:29:54 2023,1675610980,1.73,1800.7
Sun Feb  5 18:30:30 2023,1675611000,4.63,-1265.6
Sun Feb  5 18:30:51 2023,1675611037,1.80,2243.0
Sun Feb  5 18:31:04 2023,1675611057,1.18,2361.7
Sun Feb  5 18:31:47 2023,1675611071,6.71,-1388.06
Sun Feb  5 18:32:04 2023,1675611113,1.49,3434.3
Sun Feb  5 18:32:43 2023,1675611131,5.23,-2162.0
Sun Feb  5 18:32:58 2023,1675611169,1.28,2303.0
Sun Feb  5 18:33:32 2023,1675611184,4.07,-734.8
Sun Feb  5 18:34:04 2023,1675611218,3.52,-240.15
Sun Feb  5 18:34:37 2023,1675611250,3.75,-1453.66
Sun Feb  5 18:35:04 2023,1675611283,2.78,1582.03
Sun Feb  5 18:35:25 2023,1675611310,1.78,2402.64
Sun Feb  5 18:35:46 2023,1675611331,1.83,2977.5
Sun Feb  5 18:36:09 2023,1675611352,2.23,2731.05
Sun Feb  5 18:36:21 2023,1675611376,1.01,4228.0
Sun Feb  5 18:36:42 2023,1675611387,1.89,5001.2
Sun Feb  5 18:37:00 2023,1675611408,1.51,5022.0
Sun Feb  5 18:37:34 2023,1675611426,4.08,0
Sun Feb  5 18:37:56 2023,1675611460,1.97,0
Sun Feb  5 18:38:26 2023,1675611482,3.11,-659.95
Sun Feb  5 18:39:08 2023,1675611512,6.72,-4979.24
Sun Feb  5 18:39:19 2023,1675611554,1.01,5220.35
Sun Feb  5 18:39:43 2023,1675611565,2.22,1657.9
Sun Feb  5 18:40:00 2023,1675611589,1.43,4925.5
Sun Feb  5 18:40:47 2023,1675611606,8.76,-3219.5
Sun Feb  5 18:40:59 2023,1675611653,1.10,3665.0
Sun Feb  5 18:42:39 2023,1675611666,207.17,-9962.7
Sun Feb  5 18:43:08 2023,1675611765,2.99,305.51
Sun Feb  5 18:43:23 2023,1675611794,1.27,3795.1
Sun Feb  5 18:43:34 2023,1675611809,1.00,2726.07
Sun Feb  5 18:43:55 2023,1675611820,1.84,1630.4
Sun Feb  5 18:44:13 2023,1675611841,1.52,2018.2
Sun Feb  5 18:44:51 2023,1675611859,5.38,-4158.26
Sun Feb  5 18:45:04 2023,1675611897,1.11,2462.38
Sun Feb  5 18:46:04 2023,1675611910,19.02,-10023.53
Sun Feb  5 18:47:09 2023,1675611970,26.68,-10460.54
Sun Feb  5 18:47:34 2023,1675612035,2.31,2286.16
Sun Feb  5 18:47:57 2023,1675612060,2.09,2178.36
Sun Feb  5 18:48:09 2023,1675612083,1.13,3032.8
Sun Feb  5 18:48:52 2023,1675612096,6.83,-976.1
Sun Feb  5 18:49:06 2023,1675612139,1.20,3098.56
Sun Feb  5 18:49:40 2023,1675612153,3.87,-212.95
Sun Feb  5 18:49:59 2023,1675612186,1.63,1046.36
Sun Feb  5 18:50:32 2023,1675612205,3.35,2692.21
Sun Feb  5 18:50:58 2023,1675612236,2.63,2941.89
Sun Feb  5 18:51:30 2023,1675612263,3.83,-1210.83
Sun Feb  5 18:52:21 2023,1675612296,11.14,-7361.8
Sun Feb  5 18:52:37 2023,1675612347,1.36,1756.31
Sun Feb  5 18:52:55 2023,1675612363,1.61,1048.77
Sun Feb  5 18:53:15 2023,1675612381,1.71,1179.1
Sun Feb  5 18:53:51 2023,1675612401,4.36,-528.8
Sun Feb  5 18:54:11 2023,1675612437,1.71,1498.6
Sun Feb  5 18:54:59 2023,1675612456,10.08,-12028.43
Sun Feb  5 18:55:24 2023,1675612506,2.34,1204.69
Sun Feb  5 18:55:39 2023,1675612531,1.27,1791.4
Sun Feb  5 18:56:12 2023,1675612545,3.56,785.35
Sun Feb  5 18:56:28 2023,1675612577,1.45,2717.0
Sun Feb  5 18:57:37 2023,1675612594,32.49,0
Sun Feb  5 18:58:20 2023,1675612663,6.84,-3382.29
Sun Feb  5 18:58:40 2023,1675612706,1.72,0
Sun Feb  5 18:58:55 2023,1675612726,1.30,2193.2
Sun Feb  5 18:59:07 2023,1675612741,1.10,1962.9
Sun Feb  5 18:59:33 2023,1675612753,2.57,-406.7
Sun Feb  5 18:59:48 2023,1675612780,1.22,1907.4
Sun Feb  5 19:00:05 2023,1675612794,1.50,1762.7
Sun Feb  5 19:00:17 2023,1675612811,1.06,1423.0
Sun Feb  5 19:00:28 2023,1675612823,1.05,1375.35
Sun Feb  5 19:00:48 2023,1675612835,1.66,1099.9
Sun Feb  5 19:00:58 2023,1675612854,1.00,1230.0
Sun Feb  5 19:01:12 2023,1675612865,1.17,893.0
Sun Feb  5 19:01:37 2023,1675612878,2.29,0
Sun Feb  5 19:01:51 2023,1675612903,1.28,1405.0
Sun Feb  5 19:03:02 2023,1675612918,35.07,-3002.39
Sun Feb  5 19:03:14 2023,1675612988,1.11,2876.0
Sun Feb  5 19:03:56 2023,1675613000,6.40,-715.7
Sun Feb  5 19:04:09 2023,1675613042,1.15,2020.0
Sun Feb  5 19:04:34 2023,1675613055,2.38,863.5
Sun Feb  5 19:04:47 2023,1675613081,1.16,1770.0
Sun Feb  5 19:05:21 2023,1675613094,3.96,237.4
Sun Feb  5 19:05:34 2023,1675613128,1.14,655.0
Sun Feb  5 19:05:54 2023,1675613141,1.70,1242.9
Sun Feb  5 19:07:15 2023,1675613160,69.59,-4763.2
Sun Feb  5 19:08:05 2023,1675613242,10.26,-8808.73
Sun Feb  5 19:08:49 2023,1675613291,7.22,0
Sun Feb  5 19:09:00 2023,1675613335,1.07,2516.0
Sun Feb  5 19:09:22 2023,1675613347,1.95,1365.2
Sun Feb  5 19:10:11 2023,1675613369,9.50,0
Sun Feb  5 19:10:33 2023,1675613417,1.97,3029.02
Sun Feb  5 19:11:00 2023,1675613439,2.67,2323.36
Sun Feb  5 19:11:43 2023,1675613466,6.79,-1586.27
Sun Feb  5 19:12:21 2023,1675613509,5.18,-1263.08
Sun Feb  5 19:12:43 2023,1675613547,1.94,0
Sun Feb  5 19:12:56 2023,1675613569,1.14,2366.4
Sun Feb  5 19:13:45 2023,1675613582,10.16,-5581.95
Sun Feb  5 19:14:03 2023,1675613632,1.51,1966.0
Sun Feb  5 19:14:21 2023,1675613649,1.53,1935.56
Sun Feb  5 19:14:55 2023,1675613667,4.11,1662.96
Sun Feb  5 19:15:23 2023,1675613701,2.85,1067.66
Sun Feb  5 19:15:48 2023,1675613730,2.32,1036.8
Sun Feb  5 19:16:14 2023,1675613755,2.50,484.4
Sun Feb  5 19:16:46 2023,1675613781,3.66,-1542.1
Sun Feb  5 19:16:58 2023,1675613813,1.06,3160.8
Sun Feb  5 19:17:19 2023,1675613825,1.73,2715.0
Sun Feb  5 19:17:36 2023,1675613845,1.49,0
Sun Feb  5 19:17:48 2023,1675613862,1.08,0
Sun Feb  5 19:18:14 2023,1675613874,2.57,0
Sun Feb  5 19:18:28 2023,1675613901,1.18,3121.95
Sun Feb  5 19:18:39 2023,1675613914,1.03,2740.0
Sun Feb  5 19:18:59 2023,1675613926,1.69,2725.0
Sun Feb  5 19:19:53 2023,1675613945,13.83,0
Sun Feb  5 19:20:05 2023,1675614000,1.07,1975.65
Sun Feb  5 19:20:31 2023,1675614012,2.49,0
Sun Feb  5 19:21:24 2023,1675614037,12.56,-16503.0
Sun Feb  5 19:21:51 2023,1675614090,2.71,1519.0
Sun Feb  5 19:22:26 2023,1675614118,3.89,-1987.57
Sun Feb  5 19:23:04 2023,1675614151,5.44,0
